Workbook

Sheet 日常水質
A1: 加計浄化センター維持管理週報 | M1: 令和8年度
O3: 平均
A4: 全日電力量 | G4: Kｗｈ
A5: 力測電力量 | G5: Kｗｈ
A6: 無効電力量 | G6: Kvar
A7: デマンド | G7: Kw
A8: 水道使用量 | G8: ㎥
A9: 軽油(残量) | G9: ℓ
A10: 返送汚泥流量 | G10: ㎥
A11: 余剰汚泥流量 | G11: ㎥
A12: 放流流量 | G12: ㎥
A13: 日 常 水 質 測 定 結 果
A14: 測 定 項 目 | I14: 測定日 | O14: =O3
I15: 測定者
A16: 水温 | G16: ℃ | I16: 流入
I17: ディッチ
I18: 放流
A19: 外観 | C19: 油膜・色合 | I19: 流入
I20: ディッチ
I21: 放流
A22: 透視度 | G22: ｃｍ | I22: 流入水
I23: 放流水
A24: 臭気 | C24: 腐敗臭 | G24: 有無 | I24: 流入
I25: ディッチ
I26: 放流
A27: PH | G27: ― | I27: 流入
I28: ディッチ
I29: 放流
A30: SV | C30: SV・10 | G30: ％ | I30: ディッチ
C31: SV・20
C32: SV・30
C33: SV・24h
A34: MLSS | G34: ㎎/ℓ | I34: ディッチ
A35: 汚泥界面 | G35: ｃｍ | I35: 終沈
A36: 残留塩素 | G36: ㎎/ℓ | I36: 放流水
A37: 塩素投入量 | G37: kg | I37: 塩素混和池
A38: 備 考
A47: 加計浄化センター維持管理週報
O49: 平均
A50: 全日電力量 | G50: Kｗｈ
A51: 力測電力量 | G51: Kｗｈ
A52: 無効電力量 | G52: Kvar
A53: デマンド | G53: Kw
A54: 水道使用量 | G54: ㎥
A55: 軽油(残量) | G55: ℓ
A56: 返送汚泥流量 | G56: ㎥
A57: 余剰汚泥流量 | G57: ㎥
A58: 放流流量 | G58: ㎥
A59: 日 常 水 質 測 定 結 果
A60: 測 定 項 目 | I60: 測定日 | O60: =O49
I61: 測定者
A62: 水温 | G62: ℃ | I62: 流入
I63: ディッチ
I64: 放流
A65: 外観 | C65: 油膜・色合 | I65: 流入
I66: ディッチ
I67: 放流
A68: 透視度 | G68: ｃｍ | I68: 流入水
I69: 放流水
A70: 臭気 | C70: 腐敗臭 | G70: 有無 | I70: 流入
I71: ディッチ
I72: 放流
A73: PH | G73: ― | I73: 流入
I74: ディッチ
I75: 放流
A76: SV | C76: SV・10 | G76: ％ | I76: ディッチ
C77: SV・20
C78: SV・30
C79: SV・24h
A80: MLSS | G80: ㎎/ℓ | I80: ディッチ
A81: 汚泥界面 | G81: ｃｍ | I81: 終沈
A82: 残留塩素 | G82: ㎎/ℓ | I82: 放流水
A83: 塩素投入量 | G83: kg | I83: 塩素混和池
A84: 備 考
A93: 加計浄化センター維持管理週報
O95: 平均
A96: 全日電力量 | G96: Kｗｈ
A97: 力測電力量 | G97: Kｗｈ
A98: 無効電力量 | G98: Kvar
A99: デマンド | G99: Kw
A100: 水道使用量 | G100: ㎥
A101: 軽油(残量) | G101: ℓ
A102: 返送汚泥流量 | G102: ㎥
A103: 余剰汚泥流量 | G103: ㎥
A104: 放流流量 | G104: ㎥
A105: 日 常 水 質 測 定 結 果
A106: 測 定 項 目 | I106: 測定日 | O106: =O95
I107: 測定者
A108: 水温 | G108: ℃ | I108: 流入
I109: ディッチ
I110: 放流
A111: 外観 | C111: 油膜・色合 | I111: 流入
I112: ディッチ
I113: 放流
A114: 透視度 | G114: ｃｍ | I114: 流入水
I115: 放流水
A116: 臭気 | C116: 腐敗臭 | G116: 有無 | I116: 流入
I117: ディッチ
I118: 放流
A119: PH | G119: ― | I119: 流入
...

Sheet 日常機械設備
A1: 機械設備日常点検表（１/２） | K1: 令和8年3月分
A2: 機 器 名 | B2: No | C2: 点 検 者
C3: 点検内容
A4: ポンプ井 | B4: ― | C4: 内部状況確認
A5: 汚水ポンプ | B5: 1 | C5: 電流値 | D5: Ａ
C6: 吐出圧力 | D6: Mpa
C7: 異音、振動
B8: 2 | C8: 電流値 | D8: Ａ
C9: 吐出圧力 | D9: Mpa
C10: =C7
B11: ― | C11: モード確認
C12: 常用機選択
A13: スクリーンユニット | C13: 異音、振動
C14: し渣量の確認
C15: 運転動作
A16: エアレーション装置 | B16: 1-1 | C16: 電流値 | D16: Ａ
C17: =C13
C18: =C11
B19: 1-2 | C19: 電流値 | D19: Ａ
C20: =C17
C21: =C18
A22: 曝気ブロワー | B22: №１ | C22: 電流値 | D22: Ａ
C23: =C20
C24: =C21
B25: №２ | C25: 電流値 | D25: Ａ
C26: =C23
C27: =C24
A28: 消泡装置 | B28: ― | C28: 消泡ノズル
C29: 消泡状態
A30: ディッチ流出可動堰 | B30: 1 | C30: 開度 | D30: ㎜
A31: ディッチ流出ゲート | B31: 1 | C31: 開度 | D31: ㎜
A32: ディッチ連絡ゲート | B32: － | C32: 開度 | D32: ㎜
A33: 終沈汚泥掻寄機 | B33: 1 | C33: 電流値 | D33: Ａ
C34: 異音、振動等
A35: スカムスキマー | B35: 1 | C35: 動作状況
C36: スカムの状況
A37: 返送汚泥ポンプ | B37: 1-1 | C37: 電流値 | D37: Ａ
C38: 吐出圧力 | D38: Mpa
C39: 異音、振動
B40: 1-2 | C40: 電流値 | D40: Ａ
C41: =C38 | D41: Mpa
C42: 異音、振動
B43: ― | C43: モード確認
C44: 常用機選択
A45: 余剰汚泥ポンプ | B45: 1 | C45: 電流値 | D45: Ａ
C46: =C41 | D46: Mpa
C47: 異音、振動
C48: 液漏れ
C49: モード確認
A50: 床排水ポンプ | B50: 1 | C50: 電流値 | D50: Ａ
C51: 吐出圧力 | D51: Mpa
C52: 異音、振動
B53: 1 | C53: 電流値 | D53: Ａ
C54: 吐出圧力 | D54: Mpa
C55: 異音、振動
B56: ― | C56: モード確認
C57: 常用機選択
A58: 返流水ポンプ | B58: 1 | C58: 電流値 | D58: Ａ
C59: 吐出圧力 | D59: Mpa
C60: 異音、振動
B61: 2 | C61: 電流値 | D61: Ａ
C62: =C59 | D62: Mpa
C63: 異音、振動
B64: ― | C64: モード確認
C65: 常用機選択
A66: ○：良 △：要注意 ×：要修理
A67: 機械設備日常点検表（２/２） | K67: =K1
A68: 機 器 名 | B68: No | C68: 点 検 者
C69: 点検内容
A70: 濃縮汚泥引抜ポンプ | B70: 1 | C70: 電流値 | D70: Ａ
C71: 吐出圧力 | D71: Mpa
C72: 異音、振動
B73: 2 | C73: 電流値 | D73: Ａ
C74: 吐出圧力 | D74: Mpa
C75: 異音、振動
B76: ― | C76: モード確認
C77: 常用機選択
A78: 濃縮汚泥掻寄機 | B78: ― | C78: 電流値 | D78: Ａ
C79: 異音、振動
C80: モード確認
A81: スカムスキマー | B81: ― | C81: 動作状況
C82: スカムの状況
A83: 濃縮汚泥攪拌機 | B83: ― | C83: 電流値 | D83: Ａ
C84: 異音、振動
C85: モード確認
A86: 濃縮汚泥曝気ﾌﾞﾛﾜ | B86: ― | C86: 電流値 | D86: Ａ
C87: 異音、振動
C88: モード確認
A89: 自動給水装置 | B89: 1 | C89: 電流値 | D89: Ａ
C90: 異音、振動等
B91: 2 | C91: 電流値 | D91: Ａ
C92: 異音、振動等
B93: ― | C93: モード確認
A94: 混和池ＢＧ | B94: ― | C94: 開閉
A95: 塩素接触装置 | B95: ― | C95: 薬剤残量確認
A96: 脱臭ファン | B96: ― | C96: 電流値 | D96: Ａ
C97: ボルト・ナットの緩み
C98: モード確認
A99: 水処理用ﾀﾞﾝﾊﾟ | B99: ― | C99: 異音、振動
C100: モード確認
...

Sheet 日常電気設備
A1: 電気設備日常点検（１/２） | K1: =日常機械設備!K1
A3: 電 気 室 | B3: 引込・受電 | C3: 電圧 | F3: KV
F4: モード | X4: =K4-J4
C5: 力率 | F5: ψ
C6: 電流 | F6: A
F7: モード
C8: 普通電力量（×１０ｋw） | F8: 読み
F9: 使用量
C10: 引込・受電設定 | F10: 手動/自動
F11: 切/入
B12: 変圧器 | C12: 主変圧器温度 | F12: ℃
C13: 異音、脱臭の有無 | F13: 有・無
B14: 低 圧 分 岐 | C14: 動力（２１０V） 電圧 | F14: V
F15: モード
C16: 動力（２１０V） 電流 | F16: A
F17: モード
C18: 照明(210-105V) 電流 | F18: A
F19: モード
C20: 低圧分岐設備 | F20: 買電/自家発
C21: 動力制御盤1 | F21: 読み
C22: （×１ｋｗｈ） | F22: 使用量
C23: 動力制御盤2 | F23: 読み
C24: （×１ｋｗｈ） | F24: 使用量
C25: 動力制御盤3 | F25: 読み
C26: （×１ｋｗｈ） | F26: 使用量
C27: 動力制御盤4 | F27: 読み
C28: （×１ｋｗｈ） | F28: 使用量
C29: No.１ コンデンサー(電磁接触器) | F29: 切/入
C30: No.２ コンデンサー(電磁接触器) | F30: 切/入
C31: No.３ コンデンサー(電磁接触器) | F31: 切/入
A32: 備 考
A35: 電気設備日常点検（２/２）
B36: 機器名 | D36: 点 検 者 氏 名
D37: 点 検 内 容
A38: 計 装 設 備 | B38: ポンプ井 水位計 | D38: 外観の確認
D39: 指示状況の確認
D40: 計器読み | F40: ｍ
B41: Nｏ．１オキシデーションディッチＤＯ計 | D41: 外観の確認
D42: 指示状況の確認
D43: ＤＯ値 | F43: ㎎/ℓ
B44: 返送汚泥流量計 | D44: 外観の確認
D45: 指示状況の確認
D46: 流量計の読み | F46: ㎥/ｈ
D47: 流量計積算計読み | F47: ㎥
B48: 余剰汚泥流量計 | D48: 外観の確認
D49: 指示状況の確認
D50: No.１余剰汚泥ポンプ流量計読み | F50: ㎥/ｈ
D51: 流量計積算読み | F51: ㎥
B52: 放流流量計 | D52: 外観の確認
D53: 指示状況の確認
D54: 流量計の読み | F54: ㎥/ｈ
D55: 流量計積算の読み | F55: ㎥
B56: 汚濁負荷量計 | D56: 外観の確認
D57: 指示状況の確認
B58: （放流水ＵＶ） | D58: ＵＶ値 | F58: Abs
D59: ＣＯＤ値 | F59: ㎎/ℓ
B60: 全窒素・全燐計 | D60: 外観の確認
D61: 指示状況の確認
D62: 計器読み（全窒素） | F62: ㎎/ℓ
D63: 計器読み（全りん） | F63: ㎎/ℓ
B64: 圧力式液位計 | D64: 外観の確認
D65: 指示状況の確認
D66: 機器指示地の記録 | F66: ｍ
A67: 発電機設備 | B67: 発電機盤 | D67: 外観の確認
B68: 燃料タンク | D68: 外観の確認
D69: 残量の値 | F69: ℓ
A70: 他 | B70: 通報装置 | D70: 通報状態の確認
B71: ○：良 △：要注意 ×要修理
A72: 電気設備日常点検（１/２） | K72: =日常機械設備!K1
A74: 電 気 室 | B74: 引込・受電 | C74: 電圧 | F74: KV
F75: モード
C76: 力率 | F76: ψ
C77: 電流 | F77: A
F78: モード
C79: 普通電力量（×１０ｋw） | F79: 読み
F80: 使用量
C81: 引込・受電設定 | F81: 手動/自動
F82: 切/入
B83: 変圧器 | C83: 主変圧器温度 | F83: ℃
C84: 異音、脱臭の有無 | F84: 有・無
B85: 低 圧 分 岐 | C85: 動力（２１０V） 電圧 | F85: V
F86: モード
C87: 動力（２１０V） 電流 | F87: A
F88: モード
C89: 照明(210-105V) 電流 | F89: A
F90: モード
C91: 低圧分岐設備 | F91: 買電/自家発
C92: 動力制御盤1 | F92: 読み
C93: （×１ｋｗｈ） | F93: 使用量
C94: 動力制御盤2 | F94: 読み
C95: （×１ｋｗｈ） | F95: 使用量
C96: 動力制御盤3 | F96: 読み
C97: （×１ｋｗｈ） | F97: 使用量
C98: 動力制御盤4 | F98: 読み
C99: （×１ｋｗｈ） | F99: 使用量
C100: No.１ コンデンサー(電磁接触器) | F100: 切/入
C101: No.２ コンデンサー(電磁接触器) | F101: 切/入
C102: No.３ コンデンサー(電磁接触器) | F102: 切/入
A103: 備 考
A106: 電気設備日常点検（２/２）
...

Sheet 運転管理月報
A1: 加計浄化センター運転管理月報 | J1: =水質管理報告!O1
A2: 日付 | B2: 曜日 | C2: 全日電力量読み値 | D2: 力測電力量読み値 | E2: 無効電力量読み値 | F2: 上水使用量読み値 | G2: 固形塩素 | H2: 脱水ケーキ | J2: No.1 | L2: 余剰汚泥 流量 | N2: 放流流量
G3: 使用量 | H3: 発生量 | I3: 搬出量 | J3: 返送汚泥
J4: 流 量
C5: kwh | D5: kwh | E5: kvarh | F5: ㎥ | G5: kg | H5: ｔ | I5: ｔ | J5: ㎥ | L5: ㎥ | N5: ㎥
A6: =IFERROR(IF(AND(ISNUMBER(日常水質!$P$1),YEAR(日常水質!$P$1)>=2000),DATE(YEAR(日常水質!$P$1),MONTH(日常水質!$P$1),1),NA()),IFERROR(IF(AND(ISNUMBER(日常水質!$I$95),YEAR(日常水質!$I$95)>=2000),DATE(YEAR(日常水質!$I$95),MONTH(日常水質!$I$95),1),NA()),IFERROR(IF(AND(ISNUMBER(日常水質!$I$49),YEAR(日常水質!$I$49)>=2000),DATE(YEAR(日常水質!$I$49),MONTH(日常水質!$I$49),1),NA()),IFERROR(IF(AND(ISNUMBER(日常水質!$I$141),YEAR(日常水質!$I$141)>=2000),DATE(YEAR(日常水質!$I$141),MONTH(日常水質!$I$141),1),NA()),IFERROR(IF(AND(ISNUMBER(日常水質!$I$187),YEAR(日常水質!$I$187)>=2000),DATE(YEAR(日常水質!$I$187),MONTH(日常水質!$I$187),1),NA()),IFERROR(IF(AND(ISNUMBER(日常水質!$I$3),YEAR(日常水質!$I$3)>=2000),DATE(YEAR(日常水質!$I$3),MONTH(日常水質!$I$3),1),NA()),"")))))) | B6: =IF(ISNUMBER(A6),A6,"")
A7: =IF(ISNUMBER(A6),IF(MONTH(A6+1)=MONTH($A$6),A6+1,""),"") | B7: =IF(ISNUMBER(A7),A7,"") | C7: =IFERROR(IFERROR(IFERROR(IFERROR(IFERROR(INDEX(日常水質!$I$4:$N$4,MATCH($A7,日常水質!$I$3:$N$3,0)),INDEX(日常水質!$I$50:$N$50,MATCH($A7,日常水質!$I$49:$N$49,0))),INDEX(日常水質!$I$96:$N$96,MATCH($A7,日常水質!$I$95:$N$95,0))),INDEX(日常水質!$I$142:$N$142,MATCH($A7,日常水質!$I$141:$N$141,0))),INDEX(日常水質!$I$188:$N$188,MATCH($A7,日常水質!$I$187:$N$187,0))),"") | D7: =IFERROR(IFERROR(IFERROR(IFERROR(IFERROR(INDEX(日常水質!$I$5:$N$5,MATCH($A7,日常水質!$I$3:$N$3,0)),INDEX(日常水質!$I$51:$N$51,MATCH($A7,日常水質!$I$49:$N$49,0))),INDEX(日常水質!$I$97:$N$97,MATCH($A7,日常水質!$I$95:$N$95,0))),INDEX(日常水質!$I$143:$N$143,MATCH($A7,日常水質!$I$141:$N$141,0))),INDEX(日常水質!$I$189:$N$189,MATCH($A7,日常水質!$I$187:$N$187,0))),"") | E7: =IFERROR(IFERROR(IFERROR(IFERROR(IFERROR(INDEX(日常水質!$I$6:$N$6,MATCH($A7,日常水質!$I$3:$N$3,0)),INDEX(日常水質!$I$52:$N$52,MATCH($A7,日常水質!$I$49:$N$49,0))),INDEX(日常水質!$I$98:$N$98,MATCH($A7,日常水質!$I$95:$N$95,0))),INDEX(日常水質!$I$144:$N$144,MATCH($A7,日常水質!$I$141:$N$141,0))),INDEX(日常水質!$I$190:$N$190,MATCH($A7,日常水質!$I$187:$N$187,0))),"") | F7: =IFERROR(IFERROR(IFERROR(IFERROR(IFERROR(INDEX(日常水質!$I$8:$N$8,MATCH($A7,日常水質!$I$3:$N$3,0)),INDEX(日常水質!$I$54:$N$54,MATCH($A7,日常水質!$I$49:$N$49,0))),INDEX(日常水質!$I$100:$N$100,MATCH($A7,日常水質!$I$95:$N$95,0))),INDEX(日常水質!$I$146:$N$146,MATCH($A7,日常水質!$I$141:$N$141,0))),INDEX(日常水質!$I$192:$N$192,MATCH($A7,日常水質!$I$187:$N$187,0))),"") | J7: =IFERROR(IFERROR(IFERROR(IFERROR(IFERROR(INDEX(日常水質!$I$10:$N$10,MATCH($A7,日常水質!$I$3:$N$3,0)),INDEX(日常水質!$I$56:$N$56,MATCH($A7,日常水質!$I$49:$N$49,0))),INDEX(日常水質!$I$102:$N$102,MATCH($A7,日常水質!$I$95:$N$95,0))),INDEX(日常水質!$I$148:$N$148,MATCH($A7,日常水質!$I$141:$N$141,0))),INDEX(日常水質!$I$194:$N$194,MATCH($A7,日常水質!$I$187:$N$187,0))),"") | K7: =IF(J7="","",IFERROR((J7-LOOKUP(2,1/(J$6:J6<>""),J$6:J6))/(A7-LOOKUP(2,1/(J$6:J6<>""),A$6:A6)),"")) | L7: =IFERROR(IFERROR(IFERROR(IFERROR(IFERROR(INDEX(日常水質!$I$11:$N$11,MATCH($A7,日常水質!$I$3:$N$3,0)),INDEX(日常水質!$I$57:$N$57,MATCH($A7,日常水質!$I$49:$N$49,0))),INDEX(日常水質!$I$103:$N$103,MATCH($A7,日常水質!$I$95:$N$95,0))),INDEX(日常水質!$I$149:$N$149,MATCH($A7,日常水質!$I$141:$N$141,0))),INDEX(日常水質!$I$195:$N$195,MATCH($A7,日常水質!$I$187:$N$187,0))),"") | M7: =IF(L7="","",IFERROR((L7-LOOKUP(2,1/(L$6:L6<>""),L$6:L6))/(A7-LOOKUP(2,1/(L$6:L6<>""),A$6:A6)),"")) | N7: =IFERROR(IFERROR(IFERROR(IFERROR(IFERROR(INDEX(日常水質!$I$12:$N$12,MATCH($A7,日常水質!$I$3:$N$3,0)),INDEX(日常水質!$I$58:$N$58,MATCH($A7,日常水質!$I$49:$N$49,0))),INDEX(日常水質!$I$104:$N$104,MATCH($A7,日常水質!$I$95:$N$95,0))),INDEX(日常水質!$I$150:$N$150,MATCH($A7,日常水質!$I$141:$N$141,0))),INDEX(日常水質!$I$196:$N$196,MATCH($A7,日常水質!$I$187:$N$187,0))),"")
A8: =IF(ISNUMBER(A7),IF(MONTH(A7+1)=MONTH($A$6),A7+1,""),"") | B8: =IF(ISNUMBER(A8),A8,"") | C8: =IFERROR(IFERROR(IFERROR(IFERROR(IFERROR(INDEX(日常水質!$I$4:$N$4,MATCH($A8,日常水質!$I$3:$N$3,0)),INDEX(日常水質!$I$50:$N$50,MATCH($A8,日常水質!$I$49:$N$49,0))),INDEX(日常水質!$I$96:$N$96,MATCH($A8,日常水質!$I$95:$N$95,0))),INDEX(日常水質!$I$142:$N$142,MATCH($A8,日常水質!$I$141:$N$141,0))),INDEX(日常水質!$I$188:$N$188,MATCH($A8,日常水質!$I$187:$N$187,0))),"") | D8: =IFERROR(IFERROR(IFERROR(IFERROR(IFERROR(INDEX(日常水質!$I$5:$N$5,MATCH($A8,日常水質!$I$3:$N$3,0)),INDEX(日常水質!$I$51:$N$51,MATCH($A8,日常水質!$I$49:$N$49,0))),INDEX(日常水質!$I$97:$N$97,MATCH($A8,日常水質!$I$95:$N$95,0))),INDEX(日常水質!$I$143:$N$143,MATCH($A8,日常水質!$I$141:$N$141,0))),INDEX(日常水質!$I$189:$N$189,MATCH($A8,日常水質!$I$187:$N$187,0))),"") | E8: =IFERROR(IFERROR(IFERROR(IFERROR(IFERROR(INDEX(日常水質!$I$6:$N$6,MATCH($A8,日常水質!$I$3:$N$3,0)),INDEX(日常水質!$I$52:$N$52,MATCH($A8,日常水質!$I$49:$N$49,0))),INDEX(日常水質!$I$98:$N$98,MATCH($A8,日常水質!$I$95:$N$95,0))),INDEX(日常水質!$I$144:$N$144,MATCH($A8,日常水質!$I$141:$N$141,0))),INDEX(日常水質!$I$190:$N$190,MATCH($A8,日常水質!$I$187:$N$187,0))),"") | F8: =IFERROR(IFERROR(IFERROR(IFERROR(IFERROR(INDEX(日常水質!$I$8:$N$8,MATCH($A8,日常水質!$I$3:$N$3,0)),INDEX(日常水質!$I$54:$N$54,MATCH($A8,日常水質!$I$49:$N$49,0))),INDEX(日常水質!$I$100:$N$100,MATCH($A8,日常水質!$I$95:$N$95,0))),INDEX(日常水質!$I$146:$N$146,MATCH($A8,日常水質!$I$141:$N$141,0))),INDEX(日常水質!$I$192:$N$192,MATCH($A8,日常水質!$I$187:$N$187,0))),"") | J8: =IFERROR(IFERROR(IFERROR(IFERROR(IFERROR(INDEX(日常水質!$I$10:$N$10,MATCH($A8,日常水質!$I$3:$N$3,0)),INDEX(日常水質!$I$56:$N$56,MATCH($A8,日常水質!$I$49:$N$49,0))),INDEX(日常水質!$I$102:$N$102,MATCH($A8,日常水質!$I$95:$N$95,0))),INDEX(日常水質!$I$148:$N$148,MATCH($A8,日常水質!$I$141:$N$141,0))),INDEX(日常水質!$I$194:$N$194,MATCH($A8,日常水質!$I$187:$N$187,0))),"") | K8: =IF(J8="","",IFERROR((J8-LOOKUP(2,1/(J$6:J7<>""),J$6:J7))/(A8-LOOKUP(2,1/(J$6:J7<>""),A$6:A7)),"")) | L8: =IFERROR(IFERROR(IFERROR(IFERROR(IFERROR(INDEX(日常水質!$I$11:$N$11,MATCH($A8,日常水質!$I$3:$N$3,0)),INDEX(日常水質!$I$57:$N$57,MATCH($A8,日常水質!$I$49:$N$49,0))),INDEX(日常水質!$I$103:$N$103,MATCH($A8,日常水質!$I$95:$N$95,0))),INDEX(日常水質!$I$149:$N$149,MATCH($A8,日常水質!$I$141:$N$141,0))),INDEX(日常水質!$I$195:$N$195,MATCH($A8,日常水質!$I$187:$N$187,0))),"") | M8: =IF(L8="","",IFERROR((L8-LOOKUP(2,1/(L$6:L7<>""),L$6:L7))/(A8-LOOKUP(2,1/(L$6:L7<>""),A$6:A7)),"")) | N8: =IFERROR(IFERROR(IFERROR(IFERROR(IFERROR(INDEX(日常水質!$I$12:$N$12,MATCH($A8,日常水質!$I$3:$N$3,0)),INDEX(日常水質!$I$58:$N$58,MATCH($A8,日常水質!$I$49:$N$49,0))),INDEX(日常水質!$I$104:$N$104,MATCH($A8,日常水質!$I$95:$N$95,0))),INDEX(日常水質!$I$150:$N$150,MATCH($A8,日常水質!$I$141:$N$141,0))),INDEX(日常水質!$I$196:$N$196,MATCH($A8,日常水質!$I$187:$N$187,0))),"")
A9: =IF(ISNUMBER(A8),IF(MONTH(A8+1)=MONTH($A$6),A8+1,""),"") | B9: =IF(ISNUMBER(A9),A9,"") | C9: =IFERROR(IFERROR(IFERROR(IFERROR(IFERROR(INDEX(日常水質!$I$4:$N$4,MATCH($A9,日常水質!$I$3:$N$3,0)),INDEX(日常水質!$I$50:$N$50,MATCH($A9,日常水質!$I$49:$N$49,0))),INDEX(日常水質!$I$96:$N$96,MATCH($A9,日常水質!$I$95:$N$95,0))),INDEX(日常水質!$I$142:$N$142,MATCH($A9,日常水質!$I$141:$N$141,0))),INDEX(日常水質!$I$188:$N$188,MATCH($A9,日常水質!$I$187:$N$187,0))),"") | D9: =IFERROR(IFERROR(IFERROR(IFERROR(IFERROR(INDEX(日常水質!$I$5:$N$5,MATCH($A9,日常水質!$I$3:$N$3,0)),INDEX(日常水質!$I$51:$N$51,MATCH($A9,日常水質!$I$49:$N$49,0))),INDEX(日常水質!$I$97:$N$97,MATCH($A9,日常水質!$I$95:$N$95,0))),INDEX(日常水質!$I$143:$N$143,MATCH($A9,日常水質!$I$141:$N$141,0))),INDEX(日常水質!$I$189:$N$189,MATCH($A9,日常水質!$I$187:$N$187,0))),"") | E9: =IFERROR(IFERROR(IFERROR(IFERROR(IFERROR(INDEX(日常水質!$I$6:$N$6,MATCH($A9,日常水質!$I$3:$N$3,0)),INDEX(日常水質!$I$52:$N$52,MATCH($A9,日常水質!$I$49:$N$49,0))),INDEX(日常水質!$I$98:$N$98,MATCH($A9,日常水質!$I$95:$N$95,0))),INDEX(日常水質!$I$144:$N$144,MATCH($A9,日常水質!$I$141:$N$141,0))),INDEX(日常水質!$I$190:$N$190,MATCH($A9,日常水質!$I$187:$N$187,0))),"") | F9: =IFERROR(IFERROR(IFERROR(IFERROR(IFERROR(INDEX(日常水質!$I$8:$N$8,MATCH($A9,日常水質!$I$3:$N$3,0)),INDEX(日常水質!$I$54:$N$54,MATCH($A9,日常水質!$I$49:$N$49,0))),INDEX(日常水質!$I$100:$N$100,MATCH($A9,日常水質!$I$95:$N$95,0))),INDEX(日常水質!$I$146:$N$146,MATCH($A9,日常水質!$I$141:$N$141,0))),INDEX(日常水質!$I$192:$N$192,MATCH($A9,日常水質!$I$187:$N$187,0))),"") | J9: =IFERROR(IFERROR(IFERROR(IFERROR(IFERROR(INDEX(日常水質!$I$10:$N$10,MATCH($A9,日常水質!$I$3:$N$3,0)),INDEX(日常水質!$I$56:$N$56,MATCH($A9,日常水質!$I$49:$N$49,0))),INDEX(日常水質!$I$102:$N$102,MATCH($A9,日常水質!$I$95:$N$95,0))),INDEX(日常水質!$I$148:$N$148,MATCH($A9,日常水質!$I$141:$N$141,0))),INDEX(日常水質!$I$194:$N$194,MATCH($A9,日常水質!$I$187:$N$187,0))),"") | K9: =IF(J9="","",IFERROR((J9-LOOKUP(2,1/(J$6:J8<>""),J$6:J8))/(A9-LOOKUP(2,1/(J$6:J8<>""),A$6:A8)),"")) | L9: =IFERROR(IFERROR(IFERROR(IFERROR(IFERROR(INDEX(日常水質!$I$11:$N$11,MATCH($A9,日常水質!$I$3:$N$3,0)),INDEX(日常水質!$I$57:$N$57,MATCH($A9,日常水質!$I$49:$N$49,0))),INDEX(日常水質!$I$103:$N$103,MATCH($A9,日常水質!$I$95:$N$95,0))),INDEX(日常水質!$I$149:$N$149,MATCH($A9,日常水質!$I$141:$N$141,0))),INDEX(日常水質!$I$195:$N$195,MATCH($A9,日常水質!$I$187:$N$187,0))),"") | M9: =IF(L9="","",IFERROR((L9-LOOKUP(2,1/(L$6:L8<>""),L$6:L8))/(A9-LOOKUP(2,1/(L$6:L8<>""),A$6:A8)),"")) | N9: =IFERROR(IFERROR(IFERROR(IFERROR(IFERROR(INDEX(日常水質!$I$12:$N$12,MATCH($A9,日常水質!$I$3:$N$3,0)),INDEX(日常水質!$I$58:$N$58,MATCH($A9,日常水質!$I$49:$N$49,0))),INDEX(日常水質!$I$104:$N$104,MATCH($A9,日常水質!$I$95:$N$95,0))),INDEX(日常水質!$I$150:$N$150,MATCH($A9,日常水質!$I$141:$N$141,0))),INDEX(日常水質!$I$196:$N$196,MATCH($A9,日常水質!$I$187:$N$187,0))),"")
A10: =IF(ISNUMBER(A9),IF(MONTH(A9+1)=MONTH($A$6),A9+1,""),"") | B10: =IF(ISNUMBER(A10),A10,"") | C10: =IFERROR(IFERROR(IFERROR(IFERROR(IFERROR(INDEX(日常水質!$I$4:$N$4,MATCH($A10,日常水質!$I$3:$N$3,0)),INDEX(日常水質!$I$50:$N$50,MATCH($A10,日常水質!$I$49:$N$49,0))),INDEX(日常水質!$I$96:$N$96,MATCH($A10,日常水質!$I$95:$N$95,0))),INDEX(日常水質!$I$142:$N$142,MATCH($A10,日常水質!$I$141:$N$141,0))),INDEX(日常水質!$I$188:$N$188,MATCH($A10,日常水質!$I$187:$N$187,0))),"") | D10: =IFERROR(IFERROR(IFERROR(IFERROR(IFERROR(INDEX(日常水質!$I$5:$N$5,MATCH($A10,日常水質!$I$3:$N$3,0)),INDEX(日常水質!$I$51:$N$51,MATCH($A10,日常水質!$I$49:$N$49,0))),INDEX(日常水質!$I$97:$N$97,MATCH($A10,日常水質!$I$95:$N$95,0))),INDEX(日常水質!$I$143:$N$143,MATCH($A10,日常水質!$I$141:$N$141,0))),INDEX(日常水質!$I$189:$N$189,MATCH($A10,日常水質!$I$187:$N$187,0))),"") | E10: =IFERROR(IFERROR(IFERROR(IFERROR(IFERROR(INDEX(日常水質!$I$6:$N$6,MATCH($A10,日常水質!$I$3:$N$3,0)),INDEX(日常水質!$I$52:$N$52,MATCH($A10,日常水質!$I$49:$N$49,0))),INDEX(日常水質!$I$98:$N$98,MATCH($A10,日常水質!$I$95:$N$95,0))),INDEX(日常水質!$I$144:$N$144,MATCH($A10,日常水質!$I$141:$N$141,0))),INDEX(日常水質!$I$190:$N$190,MATCH($A10,日常水質!$I$187:$N$187,0))),"") | F10: =IFERROR(IFERROR(IFERROR(IFERROR(IFERROR(INDEX(日常水質!$I$8:$N$8,MATCH($A10,日常水質!$I$3:$N$3,0)),INDEX(日常水質!$I$54:$N$54,MATCH($A10,日常水質!$I$49:$N$49,0))),INDEX(日常水質!$I$100:$N$100,MATCH($A10,日常水質!$I$95:$N$95,0))),INDEX(日常水質!$I$146:$N$146,MATCH($A10,日常水質!$I$141:$N$141,0))),INDEX(日常水質!$I$192:$N$192,MATCH($A10,日常水質!$I$187:$N$187,0))),"") | J10: =IFERROR(IFERROR(IFERROR(IFERROR(IFERROR(INDEX(日常水質!$I$10:$N$10,MATCH($A10,日常水質!$I$3:$N$3,0)),INDEX(日常水質!$I$56:$N$56,MATCH($A10,日常水質!$I$49:$N$49,0))),INDEX(日常水質!$I$102:$N$102,MATCH($A10,日常水質!$I$95:$N$95,0))),INDEX(日常水質!$I$148:$N$148,MATCH($A10,日常水質!$I$141:$N$141,0))),INDEX(日常水質!$I$194:$N$194,MATCH($A10,日常水質!$I$187:$N$187,0))),"") | K10: =IF(J10="","",IFERROR((J10-LOOKUP(2,1/(J$6:J9<>""),J$6:J9))/(A10-LOOKUP(2,1/(J$6:J9<>""),A$6:A9)),"")) | L10: =IFERROR(IFERROR(IFERROR(IFERROR(IFERROR(INDEX(日常水質!$I$11:$N$11,MATCH($A10,日常水質!$I$3:$N$3,0)),INDEX(日常水質!$I$57:$N$57,MATCH($A10,日常水質!$I$49:$N$49,0))),INDEX(日常水質!$I$103:$N$103,MATCH($A10,日常水質!$I$95:$N$95,0))),INDEX(日常水質!$I$149:$N$149,MATCH($A10,日常水質!$I$141:$N$141,0))),INDEX(日常水質!$I$195:$N$195,MATCH($A10,日常水質!$I$187:$N$187,0))),"") | M10: =IF(L10="","",IFERROR((L10-LOOKUP(2,1/(L$6:L9<>""),L$6:L9))/(A10-LOOKUP(2,1/(L$6:L9<>""),A$6:A9)),"")) | N10: =IFERROR(IFERROR(IFERROR(IFERROR(IFERROR(INDEX(日常水質!$I$12:$N$12,MATCH($A10,日常水質!$I$3:$N$3,0)),INDEX(日常水質!$I$58:$N$58,MATCH($A10,日常水質!$I$49:$N$49,0))),INDEX(日常水質!$I$104:$N$104,MATCH($A10,日常水質!$I$95:$N$95,0))),INDEX(日常水質!$I$150:$N$150,MATCH($A10,日常水質!$I$141:$N$141,0))),INDEX(日常水質!$I$196:$N$196,MATCH($A10,日常水質!$I$187:$N$187,0))),"")
A11: =IF(ISNUMBER(A10),IF(MONTH(A10+1)=MONTH($A$6),A10+1,""),"") | B11: =IF(ISNUMBER(A11),A11,"") | C11: =IFERROR(IFERROR(IFERROR(IFERROR(IFERROR(INDEX(日常水質!$I$4:$N$4,MATCH($A11,日常水質!$I$3:$N$3,0)),INDEX(日常水質!$I$50:$N$50,MATCH($A11,日常水質!$I$49:$N$49,0))),INDEX(日常水質!$I$96:$N$96,MATCH($A11,日常水質!$I$95:$N$95,0))),INDEX(日常水質!$I$142:$N$142,MATCH($A11,日常水質!$I$141:$N$141,0))),INDEX(日常水質!$I$188:$N$188,MATCH($A11,日常水質!$I$187:$N$187,0))),"") | D11: =IFERROR(IFERROR(IFERROR(IFERROR(IFERROR(INDEX(日常水質!$I$5:$N$5,MATCH($A11,日常水質!$I$3:$N$3,0)),INDEX(日常水質!$I$51:$N$51,MATCH($A11,日常水質!$I$49:$N$49,0))),INDEX(日常水質!$I$97:$N$97,MATCH($A11,日常水質!$I$95:$N$95,0))),INDEX(日常水質!$I$143:$N$143,MATCH($A11,日常水質!$I$141:$N$141,0))),INDEX(日常水質!$I$189:$N$189,MATCH($A11,日常水質!$I$187:$N$187,0))),"") | E11: =IFERROR(IFERROR(IFERROR(IFERROR(IFERROR(INDEX(日常水質!$I$6:$N$6,MATCH($A11,日常水質!$I$3:$N$3,0)),INDEX(日常水質!$I$52:$N$52,MATCH($A11,日常水質!$I$49:$N$49,0))),INDEX(日常水質!$I$98:$N$98,MATCH($A11,日常水質!$I$95:$N$95,0))),INDEX(日常水質!$I$144:$N$144,MATCH($A11,日常水質!$I$141:$N$141,0))),INDEX(日常水質!$I$190:$N$190,MATCH($A11,日常水質!$I$187:$N$187,0))),"") | F11: =IFERROR(IFERROR(IFERROR(IFERROR(IFERROR(INDEX(日常水質!$I$8:$N$8,MATCH($A11,日常水質!$I$3:$N$3,0)),INDEX(日常水質!$I$54:$N$54,MATCH($A11,日常水質!$I$49:$N$49,0))),INDEX(日常水質!$I$100:$N$100,MATCH($A11,日常水質!$I$95:$N$95,0))),INDEX(日常水質!$I$146:$N$146,MATCH($A11,日常水質!$I$141:$N$141,0))),INDEX(日常水質!$I$192:$N$192,MATCH($A11,日常水質!$I$187:$N$187,0))),"") | J11: =IFERROR(IFERROR(IFERROR(IFERROR(IFERROR(INDEX(日常水質!$I$10:$N$10,MATCH($A11,日常水質!$I$3:$N$3,0)),INDEX(日常水質!$I$56:$N$56,MATCH($A11,日常水質!$I$49:$N$49,0))),INDEX(日常水質!$I$102:$N$102,MATCH($A11,日常水質!$I$95:$N$95,0))),INDEX(日常水質!$I$148:$N$148,MATCH($A11,日常水質!$I$141:$N$141,0))),INDEX(日常水質!$I$194:$N$194,MATCH($A11,日常水質!$I$187:$N$187,0))),"") | K11: =IF(J11="","",IFERROR((J11-LOOKUP(2,1/(J$6:J10<>""),J$6:J10))/(A11-LOOKUP(2,1/(J$6:J10<>""),A$6:A10)),"")) | L11: =IFERROR(IFERROR(IFERROR(IFERROR(IFERROR(INDEX(日常水質!$I$11:$N$11,MATCH($A11,日常水質!$I$3:$N$3,0)),INDEX(日常水質!$I$57:$N$57,MATCH($A11,日常水質!$I$49:$N$49,0))),INDEX(日常水質!$I$103:$N$103,MATCH($A11,日常水質!$I$95:$N$95,0))),INDEX(日常水質!$I$149:$N$149,MATCH($A11,日常水質!$I$141:$N$141,0))),INDEX(日常水質!$I$195:$N$195,MATCH($A11,日常水質!$I$187:$N$187,0))),"") | M11: =IF(L11="","",IFERROR((L11-LOOKUP(2,1/(L$6:L10<>""),L$6:L10))/(A11-LOOKUP(2,1/(L$6:L10<>""),A$6:A10)),"")) | N11: =IFERROR(IFERROR(IFERROR(IFERROR(IFERROR(INDEX(日常水質!$I$12:$N$12,MATCH($A11,日常水質!$I$3:$N$3,0)),INDEX(日常水質!$I$58:$N$58,MATCH($A11,日常水質!$I$49:$N$49,0))),INDEX(日常水質!$I$104:$N$104,MATCH($A11,日常水質!$I$95:$N$95,0))),INDEX(日常水質!$I$150:$N$150,MATCH($A11,日常水質!$I$141:$N$141,0))),INDEX(日常水質!$I$196:$N$196,MATCH($A11,日常水質!$I$187:$N$187,0))),"")
A12: =IF(ISNUMBER(A11),IF(MONTH(A11+1)=MONTH($A$6),A11+1,""),"") | B12: =IF(ISNUMBER(A12),A12,"") | C12: =IFERROR(IFERROR(IFERROR(IFERROR(IFERROR(INDEX(日常水質!$I$4:$N$4,MATCH($A12,日常水質!$I$3:$N$3,0)),INDEX(日常水質!$I$50:$N$50,MATCH($A12,日常水質!$I$49:$N$49,0))),INDEX(日常水質!$I$96:$N$96,MATCH($A12,日常水質!$I$95:$N$95,0))),INDEX(日常水質!$I$142:$N$142,MATCH($A12,日常水質!$I$141:$N$141,0))),INDEX(日常水質!$I$188:$N$188,MATCH($A12,日常水質!$I$187:$N$187,0))),"") | D12: =IFERROR(IFERROR(IFERROR(IFERROR(IFERROR(INDEX(日常水質!$I$5:$N$5,MATCH($A12,日常水質!$I$3:$N$3,0)),INDEX(日常水質!$I$51:$N$51,MATCH($A12,日常水質!$I$49:$N$49,0))),INDEX(日常水質!$I$97:$N$97,MATCH($A12,日常水質!$I$95:$N$95,0))),INDEX(日常水質!$I$143:$N$143,MATCH($A12,日常水質!$I$141:$N$141,0))),INDEX(日常水質!$I$189:$N$189,MATCH($A12,日常水質!$I$187:$N$187,0))),"") | E12: =IFERROR(IFERROR(IFERROR(IFERROR(IFERROR(INDEX(日常水質!$I$6:$N$6,MATCH($A12,日常水質!$I$3:$N$3,0)),INDEX(日常水質!$I$52:$N$52,MATCH($A12,日常水質!$I$49:$N$49,0))),INDEX(日常水質!$I$98:$N$98,MATCH($A12,日常水質!$I$95:$N$95,0))),INDEX(日常水質!$I$144:$N$144,MATCH($A12,日常水質!$I$141:$N$141,0))),INDEX(日常水質!$I$190:$N$190,MATCH($A12,日常水質!$I$187:$N$187,0))),"") | F12: =IFERROR(IFERROR(IFERROR(IFERROR(IFERROR(INDEX(日常水質!$I$8:$N$8,MATCH($A12,日常水質!$I$3:$N$3,0)),INDEX(日常水質!$I$54:$N$54,MATCH($A12,日常水質!$I$49:$N$49,0))),INDEX(日常水質!$I$100:$N$100,MATCH($A12,日常水質!$I$95:$N$95,0))),INDEX(日常水質!$I$146:$N$146,MATCH($A12,日常水質!$I$141:$N$141,0))),INDEX(日常水質!$I$192:$N$192,MATCH($A12,日常水質!$I$187:$N$187,0))),"") | J12: =IFERROR(IFERROR(IFERROR(IFERROR(IFERROR(INDEX(日常水質!$I$10:$N$10,MATCH($A12,日常水質!$I$3:$N$3,0)),INDEX(日常水質!$I$56:$N$56,MATCH($A12,日常水質!$I$49:$N$49,0))),INDEX(日常水質!$I$102:$N$102,MATCH($A12,日常水質!$I$95:$N$95,0))),INDEX(日常水質!$I$148:$N$148,MATCH($A12,日常水質!$I$141:$N$141,0))),INDEX(日常水質!$I$194:$N$194,MATCH($A12,日常水質!$I$187:$N$187,0))),"") | K12: =IF(J12="","",IFERROR((J12-LOOKUP(2,1/(J$6:J11<>""),J$6:J11))/(A12-LOOKUP(2,1/(J$6:J11<>""),A$6:A11)),"")) | L12: =IFERROR(IFERROR(IFERROR(IFERROR(IFERROR(INDEX(日常水質!$I$11:$N$11,MATCH($A12,日常水質!$I$3:$N$3,0)),INDEX(日常水質!$I$57:$N$57,MATCH($A12,日常水質!$I$49:$N$49,0))),INDEX(日常水質!$I$103:$N$103,MATCH($A12,日常水質!$I$95:$N$95,0))),INDEX(日常水質!$I$149:$N$149,MATCH($A12,日常水質!$I$141:$N$141,0))),INDEX(日常水質!$I$195:$N$195,MATCH($A12,日常水質!$I$187:$N$187,0))),"") | M12: =IF(L12="","",IFERROR((L12-LOOKUP(2,1/(L$6:L11<>""),L$6:L11))/(A12-LOOKUP(2,1/(L$6:L11<>""),A$6:A11)),"")) | N12: =IFERROR(IFERROR(IFERROR(IFERROR(IFERROR(INDEX(日常水質!$I$12:$N$12,MATCH($A12,日常水質!$I$3:$N$3,0)),INDEX(日常水質!$I$58:$N$58,MATCH($A12,日常水質!$I$49:$N$49,0))),INDEX(日常水質!$I$104:$N$104,MATCH($A12,日常水質!$I$95:$N$95,0))),INDEX(日常水質!$I$150:$N$150,MATCH($A12,日常水質!$I$141:$N$141,0))),INDEX(日常水質!$I$196:$N$196,MATCH($A12,日常水質!$I$187:$N$187,0))),"")
A13: =IF(ISNUMBER(A12),IF(MONTH(A12+1)=MONTH($A$6),A12+1,""),"") | B13: =IF(ISNUMBER(A13),A13,"") | C13: =IFERROR(IFERROR(IFERROR(IFERROR(IFERROR(INDEX(日常水質!$I$4:$N$4,MATCH($A13,日常水質!$I$3:$N$3,0)),INDEX(日常水質!$I$50:$N$50,MATCH($A13,日常水質!$I$49:$N$49,0))),INDEX(日常水質!$I$96:$N$96,MATCH($A13,日常水質!$I$95:$N$95,0))),INDEX(日常水質!$I$142:$N$142,MATCH($A13,日常水質!$I$141:$N$141,0))),INDEX(日常水質!$I$188:$N$188,MATCH($A13,日常水質!$I$187:$N$187,0))),"") | D13: =IFERROR(IFERROR(IFERROR(IFERROR(IFERROR(INDEX(日常水質!$I$5:$N$5,MATCH($A13,日常水質!$I$3:$N$3,0)),INDEX(日常水質!$I$51:$N$51,MATCH($A13,日常水質!$I$49:$N$49,0))),INDEX(日常水質!$I$97:$N$97,MATCH($A13,日常水質!$I$95:$N$95,0))),INDEX(日常水質!$I$143:$N$143,MATCH($A13,日常水質!$I$141:$N$141,0))),INDEX(日常水質!$I$189:$N$189,MATCH($A13,日常水質!$I$187:$N$187,0))),"") | E13: =IFERROR(IFERROR(IFERROR(IFERROR(IFERROR(INDEX(日常水質!$I$6:$N$6,MATCH($A13,日常水質!$I$3:$N$3,0)),INDEX(日常水質!$I$52:$N$52,MATCH($A13,日常水質!$I$49:$N$49,0))),INDEX(日常水質!$I$98:$N$98,MATCH($A13,日常水質!$I$95:$N$95,0))),INDEX(日常水質!$I$144:$N$144,MATCH($A13,日常水質!$I$141:$N$141,0))),INDEX(日常水質!$I$190:$N$190,MATCH($A13,日常水質!$I$187:$N$187,0))),"") | F13: =IFERROR(IFERROR(IFERROR(IFERROR(IFERROR(INDEX(日常水質!$I$8:$N$8,MATCH($A13,日常水質!$I$3:$N$3,0)),INDEX(日常水質!$I$54:$N$54,MATCH($A13,日常水質!$I$49:$N$49,0))),INDEX(日常水質!$I$100:$N$100,MATCH($A13,日常水質!$I$95:$N$95,0))),INDEX(日常水質!$I$146:$N$146,MATCH($A13,日常水質!$I$141:$N$141,0))),INDEX(日常水質!$I$192:$N$192,MATCH($A13,日常水質!$I$187:$N$187,0))),"") | J13: =IFERROR(IFERROR(IFERROR(IFERROR(IFERROR(INDEX(日常水質!$I$10:$N$10,MATCH($A13,日常水質!$I$3:$N$3,0)),INDEX(日常水質!$I$56:$N$56,MATCH($A13,日常水質!$I$49:$N$49,0))),INDEX(日常水質!$I$102:$N$102,MATCH($A13,日常水質!$I$95:$N$95,0))),INDEX(日常水質!$I$148:$N$148,MATCH($A13,日常水質!$I$141:$N$141,0))),INDEX(日常水質!$I$194:$N$194,MATCH($A13,日常水質!$I$187:$N$187,0))),"") | K13: =IF(J13="","",IFERROR((J13-LOOKUP(2,1/(J$6:J12<>""),J$6:J12))/(A13-LOOKUP(2,1/(J$6:J12<>""),A$6:A12)),"")) | L13: =IFERROR(IFERROR(IFERROR(IFERROR(IFERROR(INDEX(日常水質!$I$11:$N$11,MATCH($A13,日常水質!$I$3:$N$3,0)),INDEX(日常水質!$I$57:$N$57,MATCH($A13,日常水質!$I$49:$N$49,0))),INDEX(日常水質!$I$103:$N$103,MATCH($A13,日常水質!$I$95:$N$95,0))),INDEX(日常水質!$I$149:$N$149,MATCH($A13,日常水質!$I$141:$N$141,0))),INDEX(日常水質!$I$195:$N$195,MATCH($A13,日常水質!$I$187:$N$187,0))),"") | M13: =IF(L13="","",IFERROR((L13-LOOKUP(2,1/(L$6:L12<>""),L$6:L12))/(A13-LOOKUP(2,1/(L$6:L12<>""),A$6:A12)),"")) | N13: =IFERROR(IFERROR(IFERROR(IFERROR(IFERROR(INDEX(日常水質!$I$12:$N$12,MATCH($A13,日常水質!$I$3:$N$3,0)),INDEX(日常水質!$I$58:$N$58,MATCH($A13,日常水質!$I$49:$N$49,0))),INDEX(日常水質!$I$104:$N$104,MATCH($A13,日常水質!$I$95:$N$95,0))),INDEX(日常水質!$I$150:$N$150,MATCH($A13,日常水質!$I$141:$N$141,0))),INDEX(日常水質!$I$196:$N$196,MATCH($A13,日常水質!$I$187:$N$187,0))),"")
A14: =IF(ISNUMBER(A13),IF(MONTH(A13+1)=MONTH($A$6),A13+1,""),"") | B14: =IF(ISNUMBER(A14),A14,"") | C14: =IFERROR(IFERROR(IFERROR(IFERROR(IFERROR(INDEX(日常水質!$I$4:$N$4,MATCH($A14,日常水質!$I$3:$N$3,0)),INDEX(日常水質!$I$50:$N$50,MATCH($A14,日常水質!$I$49:$N$49,0))),INDEX(日常水質!$I$96:$N$96,MATCH($A14,日常水質!$I$95:$N$95,0))),INDEX(日常水質!$I$142:$N$142,MATCH($A14,日常水質!$I$141:$N$141,0))),INDEX(日常水質!$I$188:$N$188,MATCH($A14,日常水質!$I$187:$N$187,0))),"") | D14: =IFERROR(IFERROR(IFERROR(IFERROR(IFERROR(INDEX(日常水質!$I$5:$N$5,MATCH($A14,日常水質!$I$3:$N$3,0)),INDEX(日常水質!$I$51:$N$51,MATCH($A14,日常水質!$I$49:$N$49,0))),INDEX(日常水質!$I$97:$N$97,MATCH($A14,日常水質!$I$95:$N$95,0))),INDEX(日常水質!$I$143:$N$143,MATCH($A14,日常水質!$I$141:$N$141,0))),INDEX(日常水質!$I$189:$N$189,MATCH($A14,日常水質!$I$187:$N$187,0))),"") | E14: =IFERROR(IFERROR(IFERROR(IFERROR(IFERROR(INDEX(日常水質!$I$6:$N$6,MATCH($A14,日常水質!$I$3:$N$3,0)),INDEX(日常水質!$I$52:$N$52,MATCH($A14,日常水質!$I$49:$N$49,0))),INDEX(日常水質!$I$98:$N$98,MATCH($A14,日常水質!$I$95:$N$95,0))),INDEX(日常水質!$I$144:$N$144,MATCH($A14,日常水質!$I$141:$N$141,0))),INDEX(日常水質!$I$190:$N$190,MATCH($A14,日常水質!$I$187:$N$187,0))),"") | F14: =IFERROR(IFERROR(IFERROR(IFERROR(IFERROR(INDEX(日常水質!$I$8:$N$8,MATCH($A14,日常水質!$I$3:$N$3,0)),INDEX(日常水質!$I$54:$N$54,MATCH($A14,日常水質!$I$49:$N$49,0))),INDEX(日常水質!$I$100:$N$100,MATCH($A14,日常水質!$I$95:$N$95,0))),INDEX(日常水質!$I$146:$N$146,MATCH($A14,日常水質!$I$141:$N$141,0))),INDEX(日常水質!$I$192:$N$192,MATCH($A14,日常水質!$I$187:$N$187,0))),"") | J14: =IFERROR(IFERROR(IFERROR(IFERROR(IFERROR(INDEX(日常水質!$I$10:$N$10,MATCH($A14,日常水質!$I$3:$N$3,0)),INDEX(日常水質!$I$56:$N$56,MATCH($A14,日常水質!$I$49:$N$49,0))),INDEX(日常水質!$I$102:$N$102,MATCH($A14,日常水質!$I$95:$N$95,0))),INDEX(日常水質!$I$148:$N$148,MATCH($A14,日常水質!$I$141:$N$141,0))),INDEX(日常水質!$I$194:$N$194,MATCH($A14,日常水質!$I$187:$N$187,0))),"") | K14: =IF(J14="","",IFERROR((J14-LOOKUP(2,1/(J$6:J13<>""),J$6:J13))/(A14-LOOKUP(2,1/(J$6:J13<>""),A$6:A13)),"")) | L14: =IFERROR(IFERROR(IFERROR(IFERROR(IFERROR(INDEX(日常水質!$I$11:$N$11,MATCH($A14,日常水質!$I$3:$N$3,0)),INDEX(日常水質!$I$57:$N$57,MATCH($A14,日常水質!$I$49:$N$49,0))),INDEX(日常水質!$I$103:$N$103,MATCH($A14,日常水質!$I$95:$N$95,0))),INDEX(日常水質!$I$149:$N$149,MATCH($A14,日常水質!$I$141:$N$141,0))),INDEX(日常水質!$I$195:$N$195,MATCH($A14,日常水質!$I$187:$N$187,0))),"") | M14: =IF(L14="","",IFERROR((L14-LOOKUP(2,1/(L$6:L13<>""),L$6:L13))/(A14-LOOKUP(2,1/(L$6:L13<>""),A$6:A13)),"")) | N14: =IFERROR(IFERROR(IFERROR(IFERROR(IFERROR(INDEX(日常水質!$I$12:$N$12,MATCH($A14,日常水質!$I$3:$N$3,0)),INDEX(日常水質!$I$58:$N$58,MATCH($A14,日常水質!$I$49:$N$49,0))),INDEX(日常水質!$I$104:$N$104,MATCH($A14,日常水質!$I$95:$N$95,0))),INDEX(日常水質!$I$150:$N$150,MATCH($A14,日常水質!$I$141:$N$141,0))),INDEX(日常水質!$I$196:$N$196,MATCH($A14,日常水質!$I$187:$N$187,0))),"")
A15: =IF(ISNUMBER(A14),IF(MONTH(A14+1)=MONTH($A$6),A14+1,""),"") | B15: =IF(ISNUMBER(A15),A15,"") | C15: =IFERROR(IFERROR(IFERROR(IFERROR(IFERROR(INDEX(日常水質!$I$4:$N$4,MATCH($A15,日常水質!$I$3:$N$3,0)),INDEX(日常水質!$I$50:$N$50,MATCH($A15,日常水質!$I$49:$N$49,0))),INDEX(日常水質!$I$96:$N$96,MATCH($A15,日常水質!$I$95:$N$95,0))),INDEX(日常水質!$I$142:$N$142,MATCH($A15,日常水質!$I$141:$N$141,0))),INDEX(日常水質!$I$188:$N$188,MATCH($A15,日常水質!$I$187:$N$187,0))),"") | D15: =IFERROR(IFERROR(IFERROR(IFERROR(IFERROR(INDEX(日常水質!$I$5:$N$5,MATCH($A15,日常水質!$I$3:$N$3,0)),INDEX(日常水質!$I$51:$N$51,MATCH($A15,日常水質!$I$49:$N$49,0))),INDEX(日常水質!$I$97:$N$97,MATCH($A15,日常水質!$I$95:$N$95,0))),INDEX(日常水質!$I$143:$N$143,MATCH($A15,日常水質!$I$141:$N$141,0))),INDEX(日常水質!$I$189:$N$189,MATCH($A15,日常水質!$I$187:$N$187,0))),"") | E15: =IFERROR(IFERROR(IFERROR(IFERROR(IFERROR(INDEX(日常水質!$I$6:$N$6,MATCH($A15,日常水質!$I$3:$N$3,0)),INDEX(日常水質!$I$52:$N$52,MATCH($A15,日常水質!$I$49:$N$49,0))),INDEX(日常水質!$I$98:$N$98,MATCH($A15,日常水質!$I$95:$N$95,0))),INDEX(日常水質!$I$144:$N$144,MATCH($A15,日常水質!$I$141:$N$141,0))),INDEX(日常水質!$I$190:$N$190,MATCH($A15,日常水質!$I$187:$N$187,0))),"") | F15: =IFERROR(IFERROR(IFERROR(IFERROR(IFERROR(INDEX(日常水質!$I$8:$N$8,MATCH($A15,日常水質!$I$3:$N$3,0)),INDEX(日常水質!$I$54:$N$54,MATCH($A15,日常水質!$I$49:$N$49,0))),INDEX(日常水質!$I$100:$N$100,MATCH($A15,日常水質!$I$95:$N$95,0))),INDEX(日常水質!$I$146:$N$146,MATCH($A15,日常水質!$I$141:$N$141,0))),INDEX(日常水質!$I$192:$N$192,MATCH($A15,日常水質!$I$187:$N$187,0))),"") | J15: =IFERROR(IFERROR(IFERROR(IFERROR(IFERROR(INDEX(日常水質!$I$10:$N$10,MATCH($A15,日常水質!$I$3:$N$3,0)),INDEX(日常水質!$I$56:$N$56,MATCH($A15,日常水質!$I$49:$N$49,0))),INDEX(日常水質!$I$102:$N$102,MATCH($A15,日常水質!$I$95:$N$95,0))),INDEX(日常水質!$I$148:$N$148,MATCH($A15,日常水質!$I$141:$N$141,0))),INDEX(日常水質!$I$194:$N$194,MATCH($A15,日常水質!$I$187:$N$187,0))),"") | K15: =IF(J15="","",IFERROR((J15-LOOKUP(2,1/(J$6:J14<>""),J$6:J14))/(A15-LOOKUP(2,1/(J$6:J14<>""),A$6:A14)),"")) | L15: =IFERROR(IFERROR(IFERROR(IFERROR(IFERROR(INDEX(日常水質!$I$11:$N$11,MATCH($A15,日常水質!$I$3:$N$3,0)),INDEX(日常水質!$I$57:$N$57,MATCH($A15,日常水質!$I$49:$N$49,0))),INDEX(日常水質!$I$103:$N$103,MATCH($A15,日常水質!$I$95:$N$95,0))),INDEX(日常水質!$I$149:$N$149,MATCH($A15,日常水質!$I$141:$N$141,0))),INDEX(日常水質!$I$195:$N$195,MATCH($A15,日常水質!$I$187:$N$187,0))),"") | M15: =IF(L15="","",IFERROR((L15-LOOKUP(2,1/(L$6:L14<>""),L$6:L14))/(A15-LOOKUP(2,1/(L$6:L14<>""),A$6:A14)),"")) | N15: =IFERROR(IFERROR(IFERROR(IFERROR(IFERROR(INDEX(日常水質!$I$12:$N$12,MATCH($A15,日常水質!$I$3:$N$3,0)),INDEX(日常水質!$I$58:$N$58,MATCH($A15,日常水質!$I$49:$N$49,0))),INDEX(日常水質!$I$104:$N$104,MATCH($A15,日常水質!$I$95:$N$95,0))),INDEX(日常水質!$I$150:$N$150,MATCH($A15,日常水質!$I$141:$N$141,0))),INDEX(日常水質!$I$196:$N$196,MATCH($A15,日常水質!$I$187:$N$187,0))),"")
A16: =IF(ISNUMBER(A15),IF(MONTH(A15+1)=MONTH($A$6),A15+1,""),"") | B16: =IF(ISNUMBER(A16),A16,"") | C16: =IFERROR(IFERROR(IFERROR(IFERROR(IFERROR(INDEX(日常水質!$I$4:$N$4,MATCH($A16,日常水質!$I$3:$N$3,0)),INDEX(日常水質!$I$50:$N$50,MATCH($A16,日常水質!$I$49:$N$49,0))),INDEX(日常水質!$I$96:$N$96,MATCH($A16,日常水質!$I$95:$N$95,0))),INDEX(日常水質!$I$142:$N$142,MATCH($A16,日常水質!$I$141:$N$141,0))),INDEX(日常水質!$I$188:$N$188,MATCH($A16,日常水質!$I$187:$N$187,0))),"") | D16: =IFERROR(IFERROR(IFERROR(IFERROR(IFERROR(INDEX(日常水質!$I$5:$N$5,MATCH($A16,日常水質!$I$3:$N$3,0)),INDEX(日常水質!$I$51:$N$51,MATCH($A16,日常水質!$I$49:$N$49,0))),INDEX(日常水質!$I$97:$N$97,MATCH($A16,日常水質!$I$95:$N$95,0))),INDEX(日常水質!$I$143:$N$143,MATCH($A16,日常水質!$I$141:$N$141,0))),INDEX(日常水質!$I$189:$N$189,MATCH($A16,日常水質!$I$187:$N$187,0))),"") | E16: =IFERROR(IFERROR(IFERROR(IFERROR(IFERROR(INDEX(日常水質!$I$6:$N$6,MATCH($A16,日常水質!$I$3:$N$3,0)),INDEX(日常水質!$I$52:$N$52,MATCH($A16,日常水質!$I$49:$N$49,0))),INDEX(日常水質!$I$98:$N$98,MATCH($A16,日常水質!$I$95:$N$95,0))),INDEX(日常水質!$I$144:$N$144,MATCH($A16,日常水質!$I$141:$N$141,0))),INDEX(日常水質!$I$190:$N$190,MATCH($A16,日常水質!$I$187:$N$187,0))),"") | F16: =IFERROR(IFERROR(IFERROR(IFERROR(IFERROR(INDEX(日常水質!$I$8:$N$8,MATCH($A16,日常水質!$I$3:$N$3,0)),INDEX(日常水質!$I$54:$N$54,MATCH($A16,日常水質!$I$49:$N$49,0))),INDEX(日常水質!$I$100:$N$100,MATCH($A16,日常水質!$I$95:$N$95,0))),INDEX(日常水質!$I$146:$N$146,MATCH($A16,日常水質!$I$141:$N$141,0))),INDEX(日常水質!$I$192:$N$192,MATCH($A16,日常水質!$I$187:$N$187,0))),"") | J16: =IFERROR(IFERROR(IFERROR(IFERROR(IFERROR(INDEX(日常水質!$I$10:$N$10,MATCH($A16,日常水質!$I$3:$N$3,0)),INDEX(日常水質!$I$56:$N$56,MATCH($A16,日常水質!$I$49:$N$49,0))),INDEX(日常水質!$I$102:$N$102,MATCH($A16,日常水質!$I$95:$N$95,0))),INDEX(日常水質!$I$148:$N$148,MATCH($A16,日常水質!$I$141:$N$141,0))),INDEX(日常水質!$I$194:$N$194,MATCH($A16,日常水質!$I$187:$N$187,0))),"") | K16: =IF(J16="","",IFERROR((J16-LOOKUP(2,1/(J$6:J15<>""),J$6:J15))/(A16-LOOKUP(2,1/(J$6:J15<>""),A$6:A15)),"")) | L16: =IFERROR(IFERROR(IFERROR(IFERROR(IFERROR(INDEX(日常水質!$I$11:$N$11,MATCH($A16,日常水質!$I$3:$N$3,0)),INDEX(日常水質!$I$57:$N$57,MATCH($A16,日常水質!$I$49:$N$49,0))),INDEX(日常水質!$I$103:$N$103,MATCH($A16,日常水質!$I$95:$N$95,0))),INDEX(日常水質!$I$149:$N$149,MATCH($A16,日常水質!$I$141:$N$141,0))),INDEX(日常水質!$I$195:$N$195,MATCH($A16,日常水質!$I$187:$N$187,0))),"") | M16: =IF(L16="","",IFERROR((L16-LOOKUP(2,1/(L$6:L15<>""),L$6:L15))/(A16-LOOKUP(2,1/(L$6:L15<>""),A$6:A15)),"")) | N16: =IFERROR(IFERROR(IFERROR(IFERROR(IFERROR(INDEX(日常水質!$I$12:$N$12,MATCH($A16,日常水質!$I$3:$N$3,0)),INDEX(日常水質!$I$58:$N$58,MATCH($A16,日常水質!$I$49:$N$49,0))),INDEX(日常水質!$I$104:$N$104,MATCH($A16,日常水質!$I$95:$N$95,0))),INDEX(日常水質!$I$150:$N$150,MATCH($A16,日常水質!$I$141:$N$141,0))),INDEX(日常水質!$I$196:$N$196,MATCH($A16,日常水質!$I$187:$N$187,0))),"")
A17: =IF(ISNUMBER(A16),IF(MONTH(A16+1)=MONTH($A$6),A16+1,""),"") | B17: =IF(ISNUMBER(A17),A17,"") | C17: =IFERROR(IFERROR(IFERROR(IFERROR(IFERROR(INDEX(日常水質!$I$4:$N$4,MATCH($A17,日常水質!$I$3:$N$3,0)),INDEX(日常水質!$I$50:$N$50,MATCH($A17,日常水質!$I$49:$N$49,0))),INDEX(日常水質!$I$96:$N$96,MATCH($A17,日常水質!$I$95:$N$95,0))),INDEX(日常水質!$I$142:$N$142,MATCH($A17,日常水質!$I$141:$N$141,0))),INDEX(日常水質!$I$188:$N$188,MATCH($A17,日常水質!$I$187:$N$187,0))),"") | D17: =IFERROR(IFERROR(IFERROR(IFERROR(IFERROR(INDEX(日常水質!$I$5:$N$5,MATCH($A17,日常水質!$I$3:$N$3,0)),INDEX(日常水質!$I$51:$N$51,MATCH($A17,日常水質!$I$49:$N$49,0))),INDEX(日常水質!$I$97:$N$97,MATCH($A17,日常水質!$I$95:$N$95,0))),INDEX(日常水質!$I$143:$N$143,MATCH($A17,日常水質!$I$141:$N$141,0))),INDEX(日常水質!$I$189:$N$189,MATCH($A17,日常水質!$I$187:$N$187,0))),"") | E17: =IFERROR(IFERROR(IFERROR(IFERROR(IFERROR(INDEX(日常水質!$I$6:$N$6,MATCH($A17,日常水質!$I$3:$N$3,0)),INDEX(日常水質!$I$52:$N$52,MATCH($A17,日常水質!$I$49:$N$49,0))),INDEX(日常水質!$I$98:$N$98,MATCH($A17,日常水質!$I$95:$N$95,0))),INDEX(日常水質!$I$144:$N$144,MATCH($A17,日常水質!$I$141:$N$141,0))),INDEX(日常水質!$I$190:$N$190,MATCH($A17,日常水質!$I$187:$N$187,0))),"") | F17: =IFERROR(IFERROR(IFERROR(IFERROR(IFERROR(INDEX(日常水質!$I$8:$N$8,MATCH($A17,日常水質!$I$3:$N$3,0)),INDEX(日常水質!$I$54:$N$54,MATCH($A17,日常水質!$I$49:$N$49,0))),INDEX(日常水質!$I$100:$N$100,MATCH($A17,日常水質!$I$95:$N$95,0))),INDEX(日常水質!$I$146:$N$146,MATCH($A17,日常水質!$I$141:$N$141,0))),INDEX(日常水質!$I$192:$N$192,MATCH($A17,日常水質!$I$187:$N$187,0))),"") | J17: =IFERROR(IFERROR(IFERROR(IFERROR(IFERROR(INDEX(日常水質!$I$10:$N$10,MATCH($A17,日常水質!$I$3:$N$3,0)),INDEX(日常水質!$I$56:$N$56,MATCH($A17,日常水質!$I$49:$N$49,0))),INDEX(日常水質!$I$102:$N$102,MATCH($A17,日常水質!$I$95:$N$95,0))),INDEX(日常水質!$I$148:$N$148,MATCH($A17,日常水質!$I$141:$N$141,0))),INDEX(日常水質!$I$194:$N$194,MATCH($A17,日常水質!$I$187:$N$187,0))),"") | K17: =IF(J17="","",IFERROR((J17-LOOKUP(2,1/(J$6:J16<>""),J$6:J16))/(A17-LOOKUP(2,1/(J$6:J16<>""),A$6:A16)),"")) | L17: =IFERROR(IFERROR(IFERROR(IFERROR(IFERROR(INDEX(日常水質!$I$11:$N$11,MATCH($A17,日常水質!$I$3:$N$3,0)),INDEX(日常水質!$I$57:$N$57,MATCH($A17,日常水質!$I$49:$N$49,0))),INDEX(日常水質!$I$103:$N$103,MATCH($A17,日常水質!$I$95:$N$95,0))),INDEX(日常水質!$I$149:$N$149,MATCH($A17,日常水質!$I$141:$N$141,0))),INDEX(日常水質!$I$195:$N$195,MATCH($A17,日常水質!$I$187:$N$187,0))),"") | M17: =IF(L17="","",IFERROR((L17-LOOKUP(2,1/(L$6:L16<>""),L$6:L16))/(A17-LOOKUP(2,1/(L$6:L16<>""),A$6:A16)),"")) | N17: =IFERROR(IFERROR(IFERROR(IFERROR(IFERROR(INDEX(日常水質!$I$12:$N$12,MATCH($A17,日常水質!$I$3:$N$3,0)),INDEX(日常水質!$I$58:$N$58,MATCH($A17,日常水質!$I$49:$N$49,0))),INDEX(日常水質!$I$104:$N$104,MATCH($A17,日常水質!$I$95:$N$95,0))),INDEX(日常水質!$I$150:$N$150,MATCH($A17,日常水質!$I$141:$N$141,0))),INDEX(日常水質!$I$196:$N$196,MATCH($A17,日常水質!$I$187:$N$187,0))),"")
A18: =IF(ISNUMBER(A17),IF(MONTH(A17+1)=MONTH($A$6),A17+1,""),"") | B18: =IF(ISNUMBER(A18),A18,"") | C18: =IFERROR(IFERROR(IFERROR(IFERROR(IFERROR(INDEX(日常水質!$I$4:$N$4,MATCH($A18,日常水質!$I$3:$N$3,0)),INDEX(日常水質!$I$50:$N$50,MATCH($A18,日常水質!$I$49:$N$49,0))),INDEX(日常水質!$I$96:$N$96,MATCH($A18,日常水質!$I$95:$N$95,0))),INDEX(日常水質!$I$142:$N$142,MATCH($A18,日常水質!$I$141:$N$141,0))),INDEX(日常水質!$I$188:$N$188,MATCH($A18,日常水質!$I$187:$N$187,0))),"") | D18: =IFERROR(IFERROR(IFERROR(IFERROR(IFERROR(INDEX(日常水質!$I$5:$N$5,MATCH($A18,日常水質!$I$3:$N$3,0)),INDEX(日常水質!$I$51:$N$51,MATCH($A18,日常水質!$I$49:$N$49,0))),INDEX(日常水質!$I$97:$N$97,MATCH($A18,日常水質!$I$95:$N$95,0))),INDEX(日常水質!$I$143:$N$143,MATCH($A18,日常水質!$I$141:$N$141,0))),INDEX(日常水質!$I$189:$N$189,MATCH($A18,日常水質!$I$187:$N$187,0))),"") | E18: =IFERROR(IFERROR(IFERROR(IFERROR(IFERROR(INDEX(日常水質!$I$6:$N$6,MATCH($A18,日常水質!$I$3:$N$3,0)),INDEX(日常水質!$I$52:$N$52,MATCH($A18,日常水質!$I$49:$N$49,0))),INDEX(日常水質!$I$98:$N$98,MATCH($A18,日常水質!$I$95:$N$95,0))),INDEX(日常水質!$I$144:$N$144,MATCH($A18,日常水質!$I$141:$N$141,0))),INDEX(日常水質!$I$190:$N$190,MATCH($A18,日常水質!$I$187:$N$187,0))),"") | F18: =IFERROR(IFERROR(IFERROR(IFERROR(IFERROR(INDEX(日常水質!$I$8:$N$8,MATCH($A18,日常水質!$I$3:$N$3,0)),INDEX(日常水質!$I$54:$N$54,MATCH($A18,日常水質!$I$49:$N$49,0))),INDEX(日常水質!$I$100:$N$100,MATCH($A18,日常水質!$I$95:$N$95,0))),INDEX(日常水質!$I$146:$N$146,MATCH($A18,日常水質!$I$141:$N$141,0))),INDEX(日常水質!$I$192:$N$192,MATCH($A18,日常水質!$I$187:$N$187,0))),"") | J18: =IFERROR(IFERROR(IFERROR(IFERROR(IFERROR(INDEX(日常水質!$I$10:$N$10,MATCH($A18,日常水質!$I$3:$N$3,0)),INDEX(日常水質!$I$56:$N$56,MATCH($A18,日常水質!$I$49:$N$49,0))),INDEX(日常水質!$I$102:$N$102,MATCH($A18,日常水質!$I$95:$N$95,0))),INDEX(日常水質!$I$148:$N$148,MATCH($A18,日常水質!$I$141:$N$141,0))),INDEX(日常水質!$I$194:$N$194,MATCH($A18,日常水質!$I$187:$N$187,0))),"") | K18: =IF(J18="","",IFERROR((J18-LOOKUP(2,1/(J$6:J17<>""),J$6:J17))/(A18-LOOKUP(2,1/(J$6:J17<>""),A$6:A17)),"")) | L18: =IFERROR(IFERROR(IFERROR(IFERROR(IFERROR(INDEX(日常水質!$I$11:$N$11,MATCH($A18,日常水質!$I$3:$N$3,0)),INDEX(日常水質!$I$57:$N$57,MATCH($A18,日常水質!$I$49:$N$49,0))),INDEX(日常水質!$I$103:$N$103,MATCH($A18,日常水質!$I$95:$N$95,0))),INDEX(日常水質!$I$149:$N$149,MATCH($A18,日常水質!$I$141:$N$141,0))),INDEX(日常水質!$I$195:$N$195,MATCH($A18,日常水質!$I$187:$N$187,0))),"") | M18: =IF(L18="","",IFERROR((L18-LOOKUP(2,1/(L$6:L17<>""),L$6:L17))/(A18-LOOKUP(2,1/(L$6:L17<>""),A$6:A17)),"")) | N18: =IFERROR(IFERROR(IFERROR(IFERROR(IFERROR(INDEX(日常水質!$I$12:$N$12,MATCH($A18,日常水質!$I$3:$N$3,0)),INDEX(日常水質!$I$58:$N$58,MATCH($A18,日常水質!$I$49:$N$49,0))),INDEX(日常水質!$I$104:$N$104,MATCH($A18,日常水質!$I$95:$N$95,0))),INDEX(日常水質!$I$150:$N$150,MATCH($A18,日常水質!$I$141:$N$141,0))),INDEX(日常水質!$I$196:$N$196,MATCH($A18,日常水質!$I$187:$N$187,0))),"")
... A36: =IF(ISNUMBER(A35),IF(MONTH(A35+1)=MONTH($A$6),A35+1,""),"") | B36: =IF(ISNUMBER(A36),A36,"") | C36: =IFERROR(IFERROR(IFERROR(IFERROR(IFERROR(INDEX(日常水質!$I$4:$N$4,MATCH($A36,日常水質!$I$3:$N$3,0)),INDEX(日常水質!$I$50:$N$50,MATCH($A36,日常水質!$I$49:$N$49,0))),INDEX(日常水質!$I$96:$N$96,MATCH($A36,日常水質!$I$95:$N$95,0))),INDEX(日常水質!$I$142:$N$142,MATCH($A36,日常水質!$I$141:$N$141,0))),INDEX(日常水質!$I$188:$N$188,MATCH($A36,日常水質!$I$187:$N$187,0))),"") | D36: =IFERROR(IFERROR(IFERROR(IFERROR(IFERROR(INDEX(日常水質!$I$5:$N$5,MATCH($A36,日常水質!$I$3:$N$3,0)),INDEX(日常水質!$I$51:$N$51,MATCH($A36,日常水質!$I$49:$N$49,0))),INDEX(日常水質!$I$97:$N$97,MATCH($A36,日常水質!$I$95:$N$95,0))),INDEX(日常水質!$I$143:$N$143,MATCH($A36,日常水質!$I$141:$N$141,0))),INDEX(日常水質!$I$189:$N$189,MATCH($A36,日常水質!$I$187:$N$187,0))),"") | E36: =IFERROR(IFERROR(IFERROR(IFERROR(IFERROR(INDEX(日常水質!$I$6:$N$6,MATCH($A36,日常水質!$I$3:$N$3,0)),INDEX(日常水質!$I$52:$N$52,MATCH($A36,日常水質!$I$49:$N$49,0))),INDEX(日常水質!$I$98:$N$98,MATCH($A36,日常水質!$I$95:$N$95,0))),INDEX(日常水質!$I$144:$N$144,MATCH($A36,日常水質!$I$141:$N$141,0))),INDEX(日常水質!$I$190:$N$190,MATCH($A36,日常水質!$I$187:$N$187,0))),"") | F36: =IFERROR(IFERROR(IFERROR(IFERROR(IFERROR(INDEX(日常水質!$I$8:$N$8,MATCH($A36,日常水質!$I$3:$N$3,0)),INDEX(日常水質!$I$54:$N$54,MATCH($A36,日常水質!$I$49:$N$49,0))),INDEX(日常水質!$I$100:$N$100,MATCH($A36,日常水質!$I$95:$N$95,0))),INDEX(日常水質!$I$146:$N$146,MATCH($A36,日常水質!$I$141:$N$141,0))),INDEX(日常水質!$I$192:$N$192,MATCH($A36,日常水質!$I$187:$N$187,0))),"") | J36: =IFERROR(IFERROR(IFERROR(IFERROR(IFERROR(INDEX(日常水質!$I$10:$N$10,MATCH($A36,日常水質!$I$3:$N$3,0)),INDEX(日常水質!$I$56:$N$56,MATCH($A36,日常水質!$I$49:$N$49,0))),INDEX(日常水質!$I$102:$N$102,MATCH($A36,日常水質!$I$95:$N$95,0))),INDEX(日常水質!$I$148:$N$148,MATCH($A36,日常水質!$I$141:$N$141,0))),INDEX(日常水質!$I$194:$N$194,MATCH($A36,日常水質!$I$187:$N$187,0))),"") | K36: =IF(J36="","",IFERROR((J36-LOOKUP(2,1/(J$6:J35<>""),J$6:J35))/(A36-LOOKUP(2,1/(J$6:J35<>""),A$6:A35)),"")) | L36: =IFERROR(IFERROR(IFERROR(IFERROR(IFERROR(INDEX(日常水質!$I$11:$N$11,MATCH($A36,日常水質!$I$3:$N$3,0)),INDEX(日常水質!$I$57:$N$57,MATCH($A36,日常水質!$I$49:$N$49,0))),INDEX(日常水質!$I$103:$N$103,MATCH($A36,日常水質!$I$95:$N$95,0))),INDEX(日常水質!$I$149:$N$149,MATCH($A36,日常水質!$I$141:$N$141,0))),INDEX(日常水質!$I$195:$N$195,MATCH($A36,日常水質!$I$187:$N$187,0))),"") | M36: =IF(L36="","",IFERROR((L36-LOOKUP(2,1/(L$6:L35<>""),L$6:L35))/(A36-LOOKUP(2,1/(L$6:L35<>""),A$6:A35)),"")) | N36: =IFERROR(IFERROR(IFERROR(IFERROR(IFERROR(INDEX(日常水質!$I$12:$N$12,MATCH($A36,日常水質!$I$3:$N$3,0)),INDEX(日常水質!$I$58:$N$58,MATCH($A36,日常水質!$I$49:$N$49,0))),INDEX(日常水質!$I$104:$N$104,MATCH($A36,日常水質!$I$95:$N$95,0))),INDEX(日常水質!$I$150:$N$150,MATCH($A36,日常水質!$I$141:$N$141,0))),INDEX(日常水質!$I$196:$N$196,MATCH($A36,日常水質!$I$187:$N$187,0))),"")
A37: 最大 | C37: - | D37: - | E37: - | F37: - | G37: =IFERROR(MAX(G6:G36),"") | H37: =IFERROR(MAX(H6:H36),"") | I37: =IFERROR(MAX(I6:I36),"") | J37: - | K37: =IFERROR(MAX(K6:K36),"") | L37: - | M37: =IFERROR(MAX(M6:M36),"") | N37: =IFERROR(MAX(N6:N36),"")
A38: 平均 | C38: - | D38: - | E38: - | F38: - | G38: =IFERROR(AVERAGE(G6:G36),"") | H38: =IFERROR(AVERAGE(H6:H36),"") | I38: =IFERROR(AVERAGE(I6:I36),"") | J38: - | K38: =IFERROR(AVERAGE(K6:K36),"") | L38: - | M38: =IFERROR(AVERAGE(M6:M36),"") | N38: =IFERROR(AVERAGE(N6:N36),"")
A39: 最小 | C39: - | D39: - | E39: - | F39: - | G39: =IFERROR(MIN(G6:G36),"") | H39: =IFERROR(MIN(H6:H36),"") | I39: =IFERROR(MIN(I6:I36),"") | J39: - | K39: =IFERROR(MIN(K6:K36),"") | L39: - | M39: =IFERROR(MIN(M6:M36),"") | N39: =IFERROR(MIN(N6:N36),"")
A40: 合計 | C40: - | D40: - | E40: - | F40: - | G40: =IFERROR(SUM(G6:G36),0) | H40: =IFERROR(SUM(H6:H36),0) | I40: =IFERROR(SUM(I6:I36),0) | J40: - | K40: =IFERROR(SUM(K6:K36),0) | L40: - | M40: =IFERROR(SUM(M6:M36),0) | N40: =IFERROR(SUM(N6:N36),0)

Sheet 水質管理報告
A1: 加計浄化センター水質管理月報（１/２） | O1: =日常電気設備!K1
A3: 日付 | B3: 曜日 | C3: 水温 | G3: PH | K3: 透視度 | N3: MLDO | O3: MLSS | P3: SV30 | Q3: 残留塩素
C4: （５回/週） | G4: （５回/週） | K4: （５回/週） | N4: （５回/週） | O4: （５回/週） | P4: （５回/週） | Q4: （５回/週）
C5: ℃ | G5: ― | K5: cm | N5: ㎎/ℓ | O5: ㎎/ℓ | P5: ％ | Q5: ㎎/ℓ
C6: 流入 | D6: No．１ | E6: No．１ | F6: 放流水 | G6: 流入 | H6: No．１ | I6: No．１ | J6: 放流水 | K6: 流入 | L6: No.1 終沈 | M6: 放流 | N6: No．１ | O6: No．１ | P6: No．１ | Q6: 放流水
D7: ディッチ | E7: 終沈 | H7: ディッチ | I7: 終沈 | N7: ディッチ | O7: ディッチ | P7: ディッチ
A8: =IFERROR(IF(AND(ISNUMBER(日常水質!$P$1),YEAR(日常水質!$P$1)>=2000),DATE(YEAR(日常水質!$P$1),MONTH(日常水質!$P$1),1),NA()),IFERROR(IF(AND(ISNUMBER(日常水質!$I$95),YEAR(日常水質!$I$95)>=2000),DATE(YEAR(日常水質!$I$95),MONTH(日常水質!$I$95),1),NA()),IFERROR(IF(AND(ISNUMBER(日常水質!$I$49),YEAR(日常水質!$I$49)>=2000),DATE(YEAR(日常水質!$I$49),MONTH(日常水質!$I$49),1),NA()),IFERROR(IF(AND(ISNUMBER(日常水質!$I$141),YEAR(日常水質!$I$141)>=2000),DATE(YEAR(日常水質!$I$141),MONTH(日常水質!$I$141),1),NA()),IFERROR(IF(AND(ISNUMBER(日常水質!$I$187),YEAR(日常水質!$I$187)>=2000),DATE(YEAR(日常水質!$I$187),MONTH(日常水質!$I$187),1),NA()),IFERROR(IF(AND(ISNUMBER(日常水質!$I$3),YEAR(日常水質!$I$3)>=2000),DATE(YEAR(日常水質!$I$3),MONTH(日常水質!$I$3),1),NA()),"")))))) | B8: =IF(ISNUMBER(A8),A8,"") | C8: =IFERROR(IFERROR(IFERROR(IFERROR(IFERROR(INDEX(日常水質!$J$16:$N$16,MATCH($A8,日常水質!$J$14:$N$14,0)),INDEX(日常水質!$J$62:$N$62,MATCH($A8,日常水質!$J$60:$N$60,0))),INDEX(日常水質!$J$108:$N$108,MATCH($A8,日常水質!$J$106:$N$106,0))),INDEX(日常水質!$J$154:$N$154,MATCH($A8,日常水質!$J$152:$N$152,0))),INDEX(日常水質!$J$200:$N$200,MATCH($A8,日常水質!$J$198:$N$198,0))),"") | D8: =IFERROR(IFERROR(IFERROR(IFERROR(IFERROR(INDEX(日常水質!$J$17:$N$17,MATCH($A8,日常水質!$J$14:$N$14,0)),INDEX(日常水質!$J$63:$N$63,MATCH($A8,日常水質!$J$60:$N$60,0))),INDEX(日常水質!$J$109:$N$109,MATCH($A8,日常水質!$J$106:$N$106,0))),INDEX(日常水質!$J$155:$N$155,MATCH($A8,日常水質!$J$152:$N$152,0))),INDEX(日常水質!$J$201:$N$201,MATCH($A8,日常水質!$J$198:$N$198,0))),"") | F8: =IFERROR(IFERROR(IFERROR(IFERROR(IFERROR(INDEX(日常水質!$J$18:$N$18,MATCH($A8,日常水質!$J$14:$N$14,0)),INDEX(日常水質!$J$64:$N$64,MATCH($A8,日常水質!$J$60:$N$60,0))),INDEX(日常水質!$J$110:$N$110,MATCH($A8,日常水質!$J$106:$N$106,0))),INDEX(日常水質!$J$156:$N$156,MATCH($A8,日常水質!$J$152:$N$152,0))),INDEX(日常水質!$J$202:$N$202,MATCH($A8,日常水質!$J$198:$N$198,0))),"") | G8: =IFERROR(IFERROR(IFERROR(IFERROR(IFERROR(INDEX(日常水質!$J$27:$N$27,MATCH($A8,日常水質!$J$14:$N$14,0)),INDEX(日常水質!$J$73:$N$73,MATCH($A8,日常水質!$J$60:$N$60,0))),INDEX(日常水質!$J$119:$N$119,MATCH($A8,日常水質!$J$106:$N$106,0))),INDEX(日常水質!$J$165:$N$165,MATCH($A8,日常水質!$J$152:$N$152,0))),INDEX(日常水質!$J$211:$N$211,MATCH($A8,日常水質!$J$198:$N$198,0))),"") | H8: =IFERROR(IFERROR(IFERROR(IFERROR(IFERROR(INDEX(日常水質!$J$28:$N$28,MATCH($A8,日常水質!$J$14:$N$14,0)),INDEX(日常水質!$J$74:$N$74,MATCH($A8,日常水質!$J$60:$N$60,0))),INDEX(日常水質!$J$120:$N$120,MATCH($A8,日常水質!$J$106:$N$106,0))),INDEX(日常水質!$J$166:$N$166,MATCH($A8,日常水質!$J$152:$N$152,0))),INDEX(日常水質!$J$212:$N$212,MATCH($A8,日常水質!$J$198:$N$198,0))),"") | J8: =IFERROR(IFERROR(IFERROR(IFERROR(IFERROR(INDEX(日常水質!$J$29:$N$29,MATCH($A8,日常水質!$J$14:$N$14,0)),INDEX(日常水質!$J$75:$N$75,MATCH($A8,日常水質!$J$60:$N$60,0))),INDEX(日常水質!$J$121:$N$121,MATCH($A8,日常水質!$J$106:$N$106,0))),INDEX(日常水質!$J$167:$N$167,MATCH($A8,日常水質!$J$152:$N$152,0))),INDEX(日常水質!$J$213:$N$213,MATCH($A8,日常水質!$J$198:$N$198,0))),"") | K8: =IFERROR(IFERROR(IFERROR(IFERROR(IFERROR(INDEX(日常水質!$J$22:$N$22,MATCH($A8,日常水質!$J$14:$N$14,0)),INDEX(日常水質!$J$68:$N$68,MATCH($A8,日常水質!$J$60:$N$60,0))),INDEX(日常水質!$J$114:$N$114,MATCH($A8,日常水質!$J$106:$N$106,0))),INDEX(日常水質!$J$160:$N$160,MATCH($A8,日常水質!$J$152:$N$152,0))),INDEX(日常水質!$J$206:$N$206,MATCH($A8,日常水質!$J$198:$N$198,0))),"") | M8: =IFERROR(IFERROR(IFERROR(IFERROR(IFERROR(INDEX(日常水質!$J$23:$N$23,MATCH($A8,日常水質!$J$14:$N$14,0)),INDEX(日常水質!$J$69:$N$69,MATCH($A8,日常水質!$J$60:$N$60,0))),INDEX(日常水質!$J$115:$N$115,MATCH($A8,日常水質!$J$106:$N$106,0))),INDEX(日常水質!$J$161:$N$161,MATCH($A8,日常水質!$J$152:$N$152,0))),INDEX(日常水質!$J$207:$N$207,MATCH($A8,日常水質!$J$198:$N$198,0))),"") | O8: =IFERROR(IFERROR(IFERROR(IFERROR(IFERROR(INDEX(日常水質!$J$34:$N$34,MATCH($A8,日常水質!$J$14:$N$14,0)),INDEX(日常水質!$J$80:$N$80,MATCH($A8,日常水質!$J$60:$N$60,0))),INDEX(日常水質!$J$126:$N$126,MATCH($A8,日常水質!$J$106:$N$106,0))),INDEX(日常水質!$J$172:$N$172,MATCH($A8,日常水質!$J$152:$N$152,0))),INDEX(日常水質!$J$218:$N$218,MATCH($A8,日常水質!$J$198:$N$198,0))),"") | P8: =IFERROR(IFERROR(IFERROR(IFERROR(IFERROR(INDEX(日常水質!$J$32:$N$32,MATCH($A8,日常水質!$J$14:$N$14,0)),INDEX(日常水質!$J$78:$N$78,MATCH($A8,日常水質!$J$60:$N$60,0))),INDEX(日常水質!$J$124:$N$124,MATCH($A8,日常水質!$J$106:$N$106,0))),INDEX(日常水質!$J$170:$N$170,MATCH($A8,日常水質!$J$152:$N$152,0))),INDEX(日常水質!$J$216:$N$216,MATCH($A8,日常水質!$J$198:$N$198,0))),"") | Q8: =IFERROR(IFERROR(IFERROR(IFERROR(IFERROR(INDEX(日常水質!$J$36:$N$36,MATCH($A8,日常水質!$J$14:$N$14,0)),INDEX(日常水質!$J$82:$N$82,MATCH($A8,日常水質!$J$60:$N$60,0))),INDEX(日常水質!$J$128:$N$128,MATCH($A8,日常水質!$J$106:$N$106,0))),INDEX(日常水質!$J$174:$N$174,MATCH($A8,日常水質!$J$152:$N$152,0))),INDEX(日常水質!$J$220:$N$220,MATCH($A8,日常水質!$J$198:$N$198,0))),"")
A9: =IF(ISNUMBER(A8),IF(MONTH(A8+1)=MONTH($A$8),A8+1,""),"") | B9: =IF(ISNUMBER(A9),A9,"") | C9: =IFERROR(IFERROR(IFERROR(IFERROR(IFERROR(INDEX(日常水質!$J$16:$N$16,MATCH($A9,日常水質!$J$14:$N$14,0)),INDEX(日常水質!$J$62:$N$62,MATCH($A9,日常水質!$J$60:$N$60,0))),INDEX(日常水質!$J$108:$N$108,MATCH($A9,日常水質!$J$106:$N$106,0))),INDEX(日常水質!$J$154:$N$154,MATCH($A9,日常水質!$J$152:$N$152,0))),INDEX(日常水質!$J$200:$N$200,MATCH($A9,日常水質!$J$198:$N$198,0))),"") | D9: =IFERROR(IFERROR(IFERROR(IFERROR(IFERROR(INDEX(日常水質!$J$17:$N$17,MATCH($A9,日常水質!$J$14:$N$14,0)),INDEX(日常水質!$J$63:$N$63,MATCH($A9,日常水質!$J$60:$N$60,0))),INDEX(日常水質!$J$109:$N$109,MATCH($A9,日常水質!$J$106:$N$106,0))),INDEX(日常水質!$J$155:$N$155,MATCH($A9,日常水質!$J$152:$N$152,0))),INDEX(日常水質!$J$201:$N$201,MATCH($A9,日常水質!$J$198:$N$198,0))),"") | F9: =IFERROR(IFERROR(IFERROR(IFERROR(IFERROR(INDEX(日常水質!$J$18:$N$18,MATCH($A9,日常水質!$J$14:$N$14,0)),INDEX(日常水質!$J$64:$N$64,MATCH($A9,日常水質!$J$60:$N$60,0))),INDEX(日常水質!$J$110:$N$110,MATCH($A9,日常水質!$J$106:$N$106,0))),INDEX(日常水質!$J$156:$N$156,MATCH($A9,日常水質!$J$152:$N$152,0))),INDEX(日常水質!$J$202:$N$202,MATCH($A9,日常水質!$J$198:$N$198,0))),"") | G9: =IFERROR(IFERROR(IFERROR(IFERROR(IFERROR(INDEX(日常水質!$J$27:$N$27,MATCH($A9,日常水質!$J$14:$N$14,0)),INDEX(日常水質!$J$73:$N$73,MATCH($A9,日常水質!$J$60:$N$60,0))),INDEX(日常水質!$J$119:$N$119,MATCH($A9,日常水質!$J$106:$N$106,0))),INDEX(日常水質!$J$165:$N$165,MATCH($A9,日常水質!$J$152:$N$152,0))),INDEX(日常水質!$J$211:$N$211,MATCH($A9,日常水質!$J$198:$N$198,0))),"") | H9: =IFERROR(IFERROR(IFERROR(IFERROR(IFERROR(INDEX(日常水質!$J$28:$N$28,MATCH($A9,日常水質!$J$14:$N$14,0)),INDEX(日常水質!$J$74:$N$74,MATCH($A9,日常水質!$J$60:$N$60,0))),INDEX(日常水質!$J$120:$N$120,MATCH($A9,日常水質!$J$106:$N$106,0))),INDEX(日常水質!$J$166:$N$166,MATCH($A9,日常水質!$J$152:$N$152,0))),INDEX(日常水質!$J$212:$N$212,MATCH($A9,日常水質!$J$198:$N$198,0))),"") | J9: =IFERROR(IFERROR(IFERROR(IFERROR(IFERROR(INDEX(日常水質!$J$29:$N$29,MATCH($A9,日常水質!$J$14:$N$14,0)),INDEX(日常水質!$J$75:$N$75,MATCH($A9,日常水質!$J$60:$N$60,0))),INDEX(日常水質!$J$121:$N$121,MATCH($A9,日常水質!$J$106:$N$106,0))),INDEX(日常水質!$J$167:$N$167,MATCH($A9,日常水質!$J$152:$N$152,0))),INDEX(日常水質!$J$213:$N$213,MATCH($A9,日常水質!$J$198:$N$198,0))),"") | K9: =IFERROR(IFERROR(IFERROR(IFERROR(IFERROR(INDEX(日常水質!$J$22:$N$22,MATCH($A9,日常水質!$J$14:$N$14,0)),INDEX(日常水質!$J$68:$N$68,MATCH($A9,日常水質!$J$60:$N$60,0))),INDEX(日常水質!$J$114:$N$114,MATCH($A9,日常水質!$J$106:$N$106,0))),INDEX(日常水質!$J$160:$N$160,MATCH($A9,日常水質!$J$152:$N$152,0))),INDEX(日常水質!$J$206:$N$206,MATCH($A9,日常水質!$J$198:$N$198,0))),"") | M9: =IFERROR(IFERROR(IFERROR(IFERROR(IFERROR(INDEX(日常水質!$J$23:$N$23,MATCH($A9,日常水質!$J$14:$N$14,0)),INDEX(日常水質!$J$69:$N$69,MATCH($A9,日常水質!$J$60:$N$60,0))),INDEX(日常水質!$J$115:$N$115,MATCH($A9,日常水質!$J$106:$N$106,0))),INDEX(日常水質!$J$161:$N$161,MATCH($A9,日常水質!$J$152:$N$152,0))),INDEX(日常水質!$J$207:$N$207,MATCH($A9,日常水質!$J$198:$N$198,0))),"") | O9: =IFERROR(IFERROR(IFERROR(IFERROR(IFERROR(INDEX(日常水質!$J$34:$N$34,MATCH($A9,日常水質!$J$14:$N$14,0)),INDEX(日常水質!$J$80:$N$80,MATCH($A9,日常水質!$J$60:$N$60,0))),INDEX(日常水質!$J$126:$N$126,MATCH($A9,日常水質!$J$106:$N$106,0))),INDEX(日常水質!$J$172:$N$172,MATCH($A9,日常水質!$J$152:$N$152,0))),INDEX(日常水質!$J$218:$N$218,MATCH($A9,日常水質!$J$198:$N$198,0))),"") | P9: =IFERROR(IFERROR(IFERROR(IFERROR(IFERROR(INDEX(日常水質!$J$32:$N$32,MATCH($A9,日常水質!$J$14:$N$14,0)),INDEX(日常水質!$J$78:$N$78,MATCH($A9,日常水質!$J$60:$N$60,0))),INDEX(日常水質!$J$124:$N$124,MATCH($A9,日常水質!$J$106:$N$106,0))),INDEX(日常水質!$J$170:$N$170,MATCH($A9,日常水質!$J$152:$N$152,0))),INDEX(日常水質!$J$216:$N$216,MATCH($A9,日常水質!$J$198:$N$198,0))),"") | Q9: =IFERROR(IFERROR(IFERROR(IFERROR(IFERROR(INDEX(日常水質!$J$36:$N$36,MATCH($A9,日常水質!$J$14:$N$14,0)),INDEX(日常水質!$J$82:$N$82,MATCH($A9,日常水質!$J$60:$N$60,0))),INDEX(日常水質!$J$128:$N$128,MATCH($A9,日常水質!$J$106:$N$106,0))),INDEX(日常水質!$J$174:$N$174,MATCH($A9,日常水質!$J$152:$N$152,0))),INDEX(日常水質!$J$220:$N$220,MATCH($A9,日常水質!$J$198:$N$198,0))),"")
A10: =IF(ISNUMBER(A9),IF(MONTH(A9+1)=MONTH($A$8),A9+1,""),"") | B10: =IF(ISNUMBER(A10),A10,"") | C10: =IFERROR(IFERROR(IFERROR(IFERROR(IFERROR(INDEX(日常水質!$J$16:$N$16,MATCH($A10,日常水質!$J$14:$N$14,0)),INDEX(日常水質!$J$62:$N$62,MATCH($A10,日常水質!$J$60:$N$60,0))),INDEX(日常水質!$J$108:$N$108,MATCH($A10,日常水質!$J$106:$N$106,0))),INDEX(日常水質!$J$154:$N$154,MATCH($A10,日常水質!$J$152:$N$152,0))),INDEX(日常水質!$J$200:$N$200,MATCH($A10,日常水質!$J$198:$N$198,0))),"") | D10: =IFERROR(IFERROR(IFERROR(IFERROR(IFERROR(INDEX(日常水質!$J$17:$N$17,MATCH($A10,日常水質!$J$14:$N$14,0)),INDEX(日常水質!$J$63:$N$63,MATCH($A10,日常水質!$J$60:$N$60,0))),INDEX(日常水質!$J$109:$N$109,MATCH($A10,日常水質!$J$106:$N$106,0))),INDEX(日常水質!$J$155:$N$155,MATCH($A10,日常水質!$J$152:$N$152,0))),INDEX(日常水質!$J$201:$N$201,MATCH($A10,日常水質!$J$198:$N$198,0))),"") | F10: =IFERROR(IFERROR(IFERROR(IFERROR(IFERROR(INDEX(日常水質!$J$18:$N$18,MATCH($A10,日常水質!$J$14:$N$14,0)),INDEX(日常水質!$J$64:$N$64,MATCH($A10,日常水質!$J$60:$N$60,0))),INDEX(日常水質!$J$110:$N$110,MATCH($A10,日常水質!$J$106:$N$106,0))),INDEX(日常水質!$J$156:$N$156,MATCH($A10,日常水質!$J$152:$N$152,0))),INDEX(日常水質!$J$202:$N$202,MATCH($A10,日常水質!$J$198:$N$198,0))),"") | G10: =IFERROR(IFERROR(IFERROR(IFERROR(IFERROR(INDEX(日常水質!$J$27:$N$27,MATCH($A10,日常水質!$J$14:$N$14,0)),INDEX(日常水質!$J$73:$N$73,MATCH($A10,日常水質!$J$60:$N$60,0))),INDEX(日常水質!$J$119:$N$119,MATCH($A10,日常水質!$J$106:$N$106,0))),INDEX(日常水質!$J$165:$N$165,MATCH($A10,日常水質!$J$152:$N$152,0))),INDEX(日常水質!$J$211:$N$211,MATCH($A10,日常水質!$J$198:$N$198,0))),"") | H10: =IFERROR(IFERROR(IFERROR(IFERROR(IFERROR(INDEX(日常水質!$J$28:$N$28,MATCH($A10,日常水質!$J$14:$N$14,0)),INDEX(日常水質!$J$74:$N$74,MATCH($A10,日常水質!$J$60:$N$60,0))),INDEX(日常水質!$J$120:$N$120,MATCH($A10,日常水質!$J$106:$N$106,0))),INDEX(日常水質!$J$166:$N$166,MATCH($A10,日常水質!$J$152:$N$152,0))),INDEX(日常水質!$J$212:$N$212,MATCH($A10,日常水質!$J$198:$N$198,0))),"") | J10: =IFERROR(IFERROR(IFERROR(IFERROR(IFERROR(INDEX(日常水質!$J$29:$N$29,MATCH($A10,日常水質!$J$14:$N$14,0)),INDEX(日常水質!$J$75:$N$75,MATCH($A10,日常水質!$J$60:$N$60,0))),INDEX(日常水質!$J$121:$N$121,MATCH($A10,日常水質!$J$106:$N$106,0))),INDEX(日常水質!$J$167:$N$167,MATCH($A10,日常水質!$J$152:$N$152,0))),INDEX(日常水質!$J$213:$N$213,MATCH($A10,日常水質!$J$198:$N$198,0))),"") | K10: =IFERROR(IFERROR(IFERROR(IFERROR(IFERROR(INDEX(日常水質!$J$22:$N$22,MATCH($A10,日常水質!$J$14:$N$14,0)),INDEX(日常水質!$J$68:$N$68,MATCH($A10,日常水質!$J$60:$N$60,0))),INDEX(日常水質!$J$114:$N$114,MATCH($A10,日常水質!$J$106:$N$106,0))),INDEX(日常水質!$J$160:$N$160,MATCH($A10,日常水質!$J$152:$N$152,0))),INDEX(日常水質!$J$206:$N$206,MATCH($A10,日常水質!$J$198:$N$198,0))),"") | M10: =IFERROR(IFERROR(IFERROR(IFERROR(IFERROR(INDEX(日常水質!$J$23:$N$23,MATCH($A10,日常水質!$J$14:$N$14,0)),INDEX(日常水質!$J$69:$N$69,MATCH($A10,日常水質!$J$60:$N$60,0))),INDEX(日常水質!$J$115:$N$115,MATCH($A10,日常水質!$J$106:$N$106,0))),INDEX(日常水質!$J$161:$N$161,MATCH($A10,日常水質!$J$152:$N$152,0))),INDEX(日常水質!$J$207:$N$207,MATCH($A10,日常水質!$J$198:$N$198,0))),"") | O10: =IFERROR(IFERROR(IFERROR(IFERROR(IFERROR(INDEX(日常水質!$J$34:$N$34,MATCH($A10,日常水質!$J$14:$N$14,0)),INDEX(日常水質!$J$80:$N$80,MATCH($A10,日常水質!$J$60:$N$60,0))),INDEX(日常水質!$J$126:$N$126,MATCH($A10,日常水質!$J$106:$N$106,0))),INDEX(日常水質!$J$172:$N$172,MATCH($A10,日常水質!$J$152:$N$152,0))),INDEX(日常水質!$J$218:$N$218,MATCH($A10,日常水質!$J$198:$N$198,0))),"") | P10: =IFERROR(IFERROR(IFERROR(IFERROR(IFERROR(INDEX(日常水質!$J$32:$N$32,MATCH($A10,日常水質!$J$14:$N$14,0)),INDEX(日常水質!$J$78:$N$78,MATCH($A10,日常水質!$J$60:$N$60,0))),INDEX(日常水質!$J$124:$N$124,MATCH($A10,日常水質!$J$106:$N$106,0))),INDEX(日常水質!$J$170:$N$170,MATCH($A10,日常水質!$J$152:$N$152,0))),INDEX(日常水質!$J$216:$N$216,MATCH($A10,日常水質!$J$198:$N$198,0))),"") | Q10: =IFERROR(IFERROR(IFERROR(IFERROR(IFERROR(INDEX(日常水質!$J$36:$N$36,MATCH($A10,日常水質!$J$14:$N$14,0)),INDEX(日常水質!$J$82:$N$82,MATCH($A10,日常水質!$J$60:$N$60,0))),INDEX(日常水質!$J$128:$N$128,MATCH($A10,日常水質!$J$106:$N$106,0))),INDEX(日常水質!$J$174:$N$174,MATCH($A10,日常水質!$J$152:$N$152,0))),INDEX(日常水質!$J$220:$N$220,MATCH($A10,日常水質!$J$198:$N$198,0))),"")
A11: =IF(ISNUMBER(A10),IF(MONTH(A10+1)=MONTH($A$8),A10+1,""),"") | B11: =IF(ISNUMBER(A11),A11,"") | C11: =IFERROR(IFERROR(IFERROR(IFERROR(IFERROR(INDEX(日常水質!$J$16:$N$16,MATCH($A11,日常水質!$J$14:$N$14,0)),INDEX(日常水質!$J$62:$N$62,MATCH($A11,日常水質!$J$60:$N$60,0))),INDEX(日常水質!$J$108:$N$108,MATCH($A11,日常水質!$J$106:$N$106,0))),INDEX(日常水質!$J$154:$N$154,MATCH($A11,日常水質!$J$152:$N$152,0))),INDEX(日常水質!$J$200:$N$200,MATCH($A11,日常水質!$J$198:$N$198,0))),"") | D11: =IFERROR(IFERROR(IFERROR(IFERROR(IFERROR(INDEX(日常水質!$J$17:$N$17,MATCH($A11,日常水質!$J$14:$N$14,0)),INDEX(日常水質!$J$63:$N$63,MATCH($A11,日常水質!$J$60:$N$60,0))),INDEX(日常水質!$J$109:$N$109,MATCH($A11,日常水質!$J$106:$N$106,0))),INDEX(日常水質!$J$155:$N$155,MATCH($A11,日常水質!$J$152:$N$152,0))),INDEX(日常水質!$J$201:$N$201,MATCH($A11,日常水質!$J$198:$N$198,0))),"") | F11: =IFERROR(IFERROR(IFERROR(IFERROR(IFERROR(INDEX(日常水質!$J$18:$N$18,MATCH($A11,日常水質!$J$14:$N$14,0)),INDEX(日常水質!$J$64:$N$64,MATCH($A11,日常水質!$J$60:$N$60,0))),INDEX(日常水質!$J$110:$N$110,MATCH($A11,日常水質!$J$106:$N$106,0))),INDEX(日常水質!$J$156:$N$156,MATCH($A11,日常水質!$J$152:$N$152,0))),INDEX(日常水質!$J$202:$N$202,MATCH($A11,日常水質!$J$198:$N$198,0))),"") | G11: =IFERROR(IFERROR(IFERROR(IFERROR(IFERROR(INDEX(日常水質!$J$27:$N$27,MATCH($A11,日常水質!$J$14:$N$14,0)),INDEX(日常水質!$J$73:$N$73,MATCH($A11,日常水質!$J$60:$N$60,0))),INDEX(日常水質!$J$119:$N$119,MATCH($A11,日常水質!$J$106:$N$106,0))),INDEX(日常水質!$J$165:$N$165,MATCH($A11,日常水質!$J$152:$N$152,0))),INDEX(日常水質!$J$211:$N$211,MATCH($A11,日常水質!$J$198:$N$198,0))),"") | H11: =IFERROR(IFERROR(IFERROR(IFERROR(IFERROR(INDEX(日常水質!$J$28:$N$28,MATCH($A11,日常水質!$J$14:$N$14,0)),INDEX(日常水質!$J$74:$N$74,MATCH($A11,日常水質!$J$60:$N$60,0))),INDEX(日常水質!$J$120:$N$120,MATCH($A11,日常水質!$J$106:$N$106,0))),INDEX(日常水質!$J$166:$N$166,MATCH($A11,日常水質!$J$152:$N$152,0))),INDEX(日常水質!$J$212:$N$212,MATCH($A11,日常水質!$J$198:$N$198,0))),"") | J11: =IFERROR(IFERROR(IFERROR(IFERROR(IFERROR(INDEX(日常水質!$J$29:$N$29,MATCH($A11,日常水質!$J$14:$N$14,0)),INDEX(日常水質!$J$75:$N$75,MATCH($A11,日常水質!$J$60:$N$60,0))),INDEX(日常水質!$J$121:$N$121,MATCH($A11,日常水質!$J$106:$N$106,0))),INDEX(日常水質!$J$167:$N$167,MATCH($A11,日常水質!$J$152:$N$152,0))),INDEX(日常水質!$J$213:$N$213,MATCH($A11,日常水質!$J$198:$N$198,0))),"") | K11: =IFERROR(IFERROR(IFERROR(IFERROR(IFERROR(INDEX(日常水質!$J$22:$N$22,MATCH($A11,日常水質!$J$14:$N$14,0)),INDEX(日常水質!$J$68:$N$68,MATCH($A11,日常水質!$J$60:$N$60,0))),INDEX(日常水質!$J$114:$N$114,MATCH($A11,日常水質!$J$106:$N$106,0))),INDEX(日常水質!$J$160:$N$160,MATCH($A11,日常水質!$J$152:$N$152,0))),INDEX(日常水質!$J$206:$N$206,MATCH($A11,日常水質!$J$198:$N$198,0))),"") | M11: =IFERROR(IFERROR(IFERROR(IFERROR(IFERROR(INDEX(日常水質!$J$23:$N$23,MATCH($A11,日常水質!$J$14:$N$14,0)),INDEX(日常水質!$J$69:$N$69,MATCH($A11,日常水質!$J$60:$N$60,0))),INDEX(日常水質!$J$115:$N$115,MATCH($A11,日常水質!$J$106:$N$106,0))),INDEX(日常水質!$J$161:$N$161,MATCH($A11,日常水質!$J$152:$N$152,0))),INDEX(日常水質!$J$207:$N$207,MATCH($A11,日常水質!$J$198:$N$198,0))),"") | O11: =IFERROR(IFERROR(IFERROR(IFERROR(IFERROR(INDEX(日常水質!$J$34:$N$34,MATCH($A11,日常水質!$J$14:$N$14,0)),INDEX(日常水質!$J$80:$N$80,MATCH($A11,日常水質!$J$60:$N$60,0))),INDEX(日常水質!$J$126:$N$126,MATCH($A11,日常水質!$J$106:$N$106,0))),INDEX(日常水質!$J$172:$N$172,MATCH($A11,日常水質!$J$152:$N$152,0))),INDEX(日常水質!$J$218:$N$218,MATCH($A11,日常水質!$J$198:$N$198,0))),"") | P11: =IFERROR(IFERROR(IFERROR(IFERROR(IFERROR(INDEX(日常水質!$J$32:$N$32,MATCH($A11,日常水質!$J$14:$N$14,0)),INDEX(日常水質!$J$78:$N$78,MATCH($A11,日常水質!$J$60:$N$60,0))),INDEX(日常水質!$J$124:$N$124,MATCH($A11,日常水質!$J$106:$N$106,0))),INDEX(日常水質!$J$170:$N$170,MATCH($A11,日常水質!$J$152:$N$152,0))),INDEX(日常水質!$J$216:$N$216,MATCH($A11,日常水質!$J$198:$N$198,0))),"") | Q11: =IFERROR(IFERROR(IFERROR(IFERROR(IFERROR(INDEX(日常水質!$J$36:$N$36,MATCH($A11,日常水質!$J$14:$N$14,0)),INDEX(日常水質!$J$82:$N$82,MATCH($A11,日常水質!$J$60:$N$60,0))),INDEX(日常水質!$J$128:$N$128,MATCH($A11,日常水質!$J$106:$N$106,0))),INDEX(日常水質!$J$174:$N$174,MATCH($A11,日常水質!$J$152:$N$152,0))),INDEX(日常水質!$J$220:$N$220,MATCH($A11,日常水質!$J$198:$N$198,0))),"")
A12: =IF(ISNUMBER(A11),IF(MONTH(A11+1)=MONTH($A$8),A11+1,""),"") | B12: =IF(ISNUMBER(A12),A12,"") | C12: =IFERROR(IFERROR(IFERROR(IFERROR(IFERROR(INDEX(日常水質!$J$16:$N$16,MATCH($A12,日常水質!$J$14:$N$14,0)),INDEX(日常水質!$J$62:$N$62,MATCH($A12,日常水質!$J$60:$N$60,0))),INDEX(日常水質!$J$108:$N$108,MATCH($A12,日常水質!$J$106:$N$106,0))),INDEX(日常水質!$J$154:$N$154,MATCH($A12,日常水質!$J$152:$N$152,0))),INDEX(日常水質!$J$200:$N$200,MATCH($A12,日常水質!$J$198:$N$198,0))),"") | D12: =IFERROR(IFERROR(IFERROR(IFERROR(IFERROR(INDEX(日常水質!$J$17:$N$17,MATCH($A12,日常水質!$J$14:$N$14,0)),INDEX(日常水質!$J$63:$N$63,MATCH($A12,日常水質!$J$60:$N$60,0))),INDEX(日常水質!$J$109:$N$109,MATCH($A12,日常水質!$J$106:$N$106,0))),INDEX(日常水質!$J$155:$N$155,MATCH($A12,日常水質!$J$152:$N$152,0))),INDEX(日常水質!$J$201:$N$201,MATCH($A12,日常水質!$J$198:$N$198,0))),"") | F12: =IFERROR(IFERROR(IFERROR(IFERROR(IFERROR(INDEX(日常水質!$J$18:$N$18,MATCH($A12,日常水質!$J$14:$N$14,0)),INDEX(日常水質!$J$64:$N$64,MATCH($A12,日常水質!$J$60:$N$60,0))),INDEX(日常水質!$J$110:$N$110,MATCH($A12,日常水質!$J$106:$N$106,0))),INDEX(日常水質!$J$156:$N$156,MATCH($A12,日常水質!$J$152:$N$152,0))),INDEX(日常水質!$J$202:$N$202,MATCH($A12,日常水質!$J$198:$N$198,0))),"") | G12: =IFERROR(IFERROR(IFERROR(IFERROR(IFERROR(INDEX(日常水質!$J$27:$N$27,MATCH($A12,日常水質!$J$14:$N$14,0)),INDEX(日常水質!$J$73:$N$73,MATCH($A12,日常水質!$J$60:$N$60,0))),INDEX(日常水質!$J$119:$N$119,MATCH($A12,日常水質!$J$106:$N$106,0))),INDEX(日常水質!$J$165:$N$165,MATCH($A12,日常水質!$J$152:$N$152,0))),INDEX(日常水質!$J$211:$N$211,MATCH($A12,日常水質!$J$198:$N$198,0))),"") | H12: =IFERROR(IFERROR(IFERROR(IFERROR(IFERROR(INDEX(日常水質!$J$28:$N$28,MATCH($A12,日常水質!$J$14:$N$14,0)),INDEX(日常水質!$J$74:$N$74,MATCH($A12,日常水質!$J$60:$N$60,0))),INDEX(日常水質!$J$120:$N$120,MATCH($A12,日常水質!$J$106:$N$106,0))),INDEX(日常水質!$J$166:$N$166,MATCH($A12,日常水質!$J$152:$N$152,0))),INDEX(日常水質!$J$212:$N$212,MATCH($A12,日常水質!$J$198:$N$198,0))),"") | J12: =IFERROR(IFERROR(IFERROR(IFERROR(IFERROR(INDEX(日常水質!$J$29:$N$29,MATCH($A12,日常水質!$J$14:$N$14,0)),INDEX(日常水質!$J$75:$N$75,MATCH($A12,日常水質!$J$60:$N$60,0))),INDEX(日常水質!$J$121:$N$121,MATCH($A12,日常水質!$J$106:$N$106,0))),INDEX(日常水質!$J$167:$N$167,MATCH($A12,日常水質!$J$152:$N$152,0))),INDEX(日常水質!$J$213:$N$213,MATCH($A12,日常水質!$J$198:$N$198,0))),"") | K12: =IFERROR(IFERROR(IFERROR(IFERROR(IFERROR(INDEX(日常水質!$J$22:$N$22,MATCH($A12,日常水質!$J$14:$N$14,0)),INDEX(日常水質!$J$68:$N$68,MATCH($A12,日常水質!$J$60:$N$60,0))),INDEX(日常水質!$J$114:$N$114,MATCH($A12,日常水質!$J$106:$N$106,0))),INDEX(日常水質!$J$160:$N$160,MATCH($A12,日常水質!$J$152:$N$152,0))),INDEX(日常水質!$J$206:$N$206,MATCH($A12,日常水質!$J$198:$N$198,0))),"") | M12: =IFERROR(IFERROR(IFERROR(IFERROR(IFERROR(INDEX(日常水質!$J$23:$N$23,MATCH($A12,日常水質!$J$14:$N$14,0)),INDEX(日常水質!$J$69:$N$69,MATCH($A12,日常水質!$J$60:$N$60,0))),INDEX(日常水質!$J$115:$N$115,MATCH($A12,日常水質!$J$106:$N$106,0))),INDEX(日常水質!$J$161:$N$161,MATCH($A12,日常水質!$J$152:$N$152,0))),INDEX(日常水質!$J$207:$N$207,MATCH($A12,日常水質!$J$198:$N$198,0))),"") | O12: =IFERROR(IFERROR(IFERROR(IFERROR(IFERROR(INDEX(日常水質!$J$34:$N$34,MATCH($A12,日常水質!$J$14:$N$14,0)),INDEX(日常水質!$J$80:$N$80,MATCH($A12,日常水質!$J$60:$N$60,0))),INDEX(日常水質!$J$126:$N$126,MATCH($A12,日常水質!$J$106:$N$106,0))),INDEX(日常水質!$J$172:$N$172,MATCH($A12,日常水質!$J$152:$N$152,0))),INDEX(日常水質!$J$218:$N$218,MATCH($A12,日常水質!$J$198:$N$198,0))),"") | P12: =IFERROR(IFERROR(IFERROR(IFERROR(IFERROR(INDEX(日常水質!$J$32:$N$32,MATCH($A12,日常水質!$J$14:$N$14,0)),INDEX(日常水質!$J$78:$N$78,MATCH($A12,日常水質!$J$60:$N$60,0))),INDEX(日常水質!$J$124:$N$124,MATCH($A12,日常水質!$J$106:$N$106,0))),INDEX(日常水質!$J$170:$N$170,MATCH($A12,日常水質!$J$152:$N$152,0))),INDEX(日常水質!$J$216:$N$216,MATCH($A12,日常水質!$J$198:$N$198,0))),"") | Q12: =IFERROR(IFERROR(IFERROR(IFERROR(IFERROR(INDEX(日常水質!$J$36:$N$36,MATCH($A12,日常水質!$J$14:$N$14,0)),INDEX(日常水質!$J$82:$N$82,MATCH($A12,日常水質!$J$60:$N$60,0))),INDEX(日常水質!$J$128:$N$128,MATCH($A12,日常水質!$J$106:$N$106,0))),INDEX(日常水質!$J$174:$N$174,MATCH($A12,日常水質!$J$152:$N$152,0))),INDEX(日常水質!$J$220:$N$220,MATCH($A12,日常水質!$J$198:$N$198,0))),"")
A13: =IF(ISNUMBER(A12),IF(MONTH(A12+1)=MONTH($A$8),A12+1,""),"") | B13: =IF(ISNUMBER(A13),A13,"") | C13: =IFERROR(IFERROR(IFERROR(IFERROR(IFERROR(INDEX(日常水質!$J$16:$N$16,MATCH($A13,日常水質!$J$14:$N$14,0)),INDEX(日常水質!$J$62:$N$62,MATCH($A13,日常水質!$J$60:$N$60,0))),INDEX(日常水質!$J$108:$N$108,MATCH($A13,日常水質!$J$106:$N$106,0))),INDEX(日常水質!$J$154:$N$154,MATCH($A13,日常水質!$J$152:$N$152,0))),INDEX(日常水質!$J$200:$N$200,MATCH($A13,日常水質!$J$198:$N$198,0))),"") | D13: =IFERROR(IFERROR(IFERROR(IFERROR(IFERROR(INDEX(日常水質!$J$17:$N$17,MATCH($A13,日常水質!$J$14:$N$14,0)),INDEX(日常水質!$J$63:$N$63,MATCH($A13,日常水質!$J$60:$N$60,0))),INDEX(日常水質!$J$109:$N$109,MATCH($A13,日常水質!$J$106:$N$106,0))),INDEX(日常水質!$J$155:$N$155,MATCH($A13,日常水質!$J$152:$N$152,0))),INDEX(日常水質!$J$201:$N$201,MATCH($A13,日常水質!$J$198:$N$198,0))),"") | F13: =IFERROR(IFERROR(IFERROR(IFERROR(IFERROR(INDEX(日常水質!$J$18:$N$18,MATCH($A13,日常水質!$J$14:$N$14,0)),INDEX(日常水質!$J$64:$N$64,MATCH($A13,日常水質!$J$60:$N$60,0))),INDEX(日常水質!$J$110:$N$110,MATCH($A13,日常水質!$J$106:$N$106,0))),INDEX(日常水質!$J$156:$N$156,MATCH($A13,日常水質!$J$152:$N$152,0))),INDEX(日常水質!$J$202:$N$202,MATCH($A13,日常水質!$J$198:$N$198,0))),"") | G13: =IFERROR(IFERROR(IFERROR(IFERROR(IFERROR(INDEX(日常水質!$J$27:$N$27,MATCH($A13,日常水質!$J$14:$N$14,0)),INDEX(日常水質!$J$73:$N$73,MATCH($A13,日常水質!$J$60:$N$60,0))),INDEX(日常水質!$J$119:$N$119,MATCH($A13,日常水質!$J$106:$N$106,0))),INDEX(日常水質!$J$165:$N$165,MATCH($A13,日常水質!$J$152:$N$152,0))),INDEX(日常水質!$J$211:$N$211,MATCH($A13,日常水質!$J$198:$N$198,0))),"") | H13: =IFERROR(IFERROR(IFERROR(IFERROR(IFERROR(INDEX(日常水質!$J$28:$N$28,MATCH($A13,日常水質!$J$14:$N$14,0)),INDEX(日常水質!$J$74:$N$74,MATCH($A13,日常水質!$J$60:$N$60,0))),INDEX(日常水質!$J$120:$N$120,MATCH($A13,日常水質!$J$106:$N$106,0))),INDEX(日常水質!$J$166:$N$166,MATCH($A13,日常水質!$J$152:$N$152,0))),INDEX(日常水質!$J$212:$N$212,MATCH($A13,日常水質!$J$198:$N$198,0))),"") | J13: =IFERROR(IFERROR(IFERROR(IFERROR(IFERROR(INDEX(日常水質!$J$29:$N$29,MATCH($A13,日常水質!$J$14:$N$14,0)),INDEX(日常水質!$J$75:$N$75,MATCH($A13,日常水質!$J$60:$N$60,0))),INDEX(日常水質!$J$121:$N$121,MATCH($A13,日常水質!$J$106:$N$106,0))),INDEX(日常水質!$J$167:$N$167,MATCH($A13,日常水質!$J$152:$N$152,0))),INDEX(日常水質!$J$213:$N$213,MATCH($A13,日常水質!$J$198:$N$198,0))),"") | K13: =IFERROR(IFERROR(IFERROR(IFERROR(IFERROR(INDEX(日常水質!$J$22:$N$22,MATCH($A13,日常水質!$J$14:$N$14,0)),INDEX(日常水質!$J$68:$N$68,MATCH($A13,日常水質!$J$60:$N$60,0))),INDEX(日常水質!$J$114:$N$114,MATCH($A13,日常水質!$J$106:$N$106,0))),INDEX(日常水質!$J$160:$N$160,MATCH($A13,日常水質!$J$152:$N$152,0))),INDEX(日常水質!$J$206:$N$206,MATCH($A13,日常水質!$J$198:$N$198,0))),"") | M13: =IFERROR(IFERROR(IFERROR(IFERROR(IFERROR(INDEX(日常水質!$J$23:$N$23,MATCH($A13,日常水質!$J$14:$N$14,0)),INDEX(日常水質!$J$69:$N$69,MATCH($A13,日常水質!$J$60:$N$60,0))),INDEX(日常水質!$J$115:$N$115,MATCH($A13,日常水質!$J$106:$N$106,0))),INDEX(日常水質!$J$161:$N$161,MATCH($A13,日常水質!$J$152:$N$152,0))),INDEX(日常水質!$J$207:$N$207,MATCH($A13,日常水質!$J$198:$N$198,0))),"") | O13: =IFERROR(IFERROR(IFERROR(IFERROR(IFERROR(INDEX(日常水質!$J$34:$N$34,MATCH($A13,日常水質!$J$14:$N$14,0)),INDEX(日常水質!$J$80:$N$80,MATCH($A13,日常水質!$J$60:$N$60,0))),INDEX(日常水質!$J$126:$N$126,MATCH($A13,日常水質!$J$106:$N$106,0))),INDEX(日常水質!$J$172:$N$172,MATCH($A13,日常水質!$J$152:$N$152,0))),INDEX(日常水質!$J$218:$N$218,MATCH($A13,日常水質!$J$198:$N$198,0))),"") | P13: =IFERROR(IFERROR(IFERROR(IFERROR(IFERROR(INDEX(日常水質!$J$32:$N$32,MATCH($A13,日常水質!$J$14:$N$14,0)),INDEX(日常水質!$J$78:$N$78,MATCH($A13,日常水質!$J$60:$N$60,0))),INDEX(日常水質!$J$124:$N$124,MATCH($A13,日常水質!$J$106:$N$106,0))),INDEX(日常水質!$J$170:$N$170,MATCH($A13,日常水質!$J$152:$N$152,0))),INDEX(日常水質!$J$216:$N$216,MATCH($A13,日常水質!$J$198:$N$198,0))),"") | Q13: =IFERROR(IFERROR(IFERROR(IFERROR(IFERROR(INDEX(日常水質!$J$36:$N$36,MATCH($A13,日常水質!$J$14:$N$14,0)),INDEX(日常水質!$J$82:$N$82,MATCH($A13,日常水質!$J$60:$N$60,0))),INDEX(日常水質!$J$128:$N$128,MATCH($A13,日常水質!$J$106:$N$106,0))),INDEX(日常水質!$J$174:$N$174,MATCH($A13,日常水質!$J$152:$N$152,0))),INDEX(日常水質!$J$220:$N$220,MATCH($A13,日常水質!$J$198:$N$198,0))),"")
A14: =IF(ISNUMBER(A13),IF(MONTH(A13+1)=MONTH($A$8),A13+1,""),"") | B14: =IF(ISNUMBER(A14),A14,"") | C14: =IFERROR(IFERROR(IFERROR(IFERROR(IFERROR(INDEX(日常水質!$J$16:$N$16,MATCH($A14,日常水質!$J$14:$N$14,0)),INDEX(日常水質!$J$62:$N$62,MATCH($A14,日常水質!$J$60:$N$60,0))),INDEX(日常水質!$J$108:$N$108,MATCH($A14,日常水質!$J$106:$N$106,0))),INDEX(日常水質!$J$154:$N$154,MATCH($A14,日常水質!$J$152:$N$152,0))),INDEX(日常水質!$J$200:$N$200,MATCH($A14,日常水質!$J$198:$N$198,0))),"") | D14: =IFERROR(IFERROR(IFERROR(IFERROR(IFERROR(INDEX(日常水質!$J$17:$N$17,MATCH($A14,日常水質!$J$14:$N$14,0)),INDEX(日常水質!$J$63:$N$63,MATCH($A14,日常水質!$J$60:$N$60,0))),INDEX(日常水質!$J$109:$N$109,MATCH($A14,日常水質!$J$106:$N$106,0))),INDEX(日常水質!$J$155:$N$155,MATCH($A14,日常水質!$J$152:$N$152,0))),INDEX(日常水質!$J$201:$N$201,MATCH($A14,日常水質!$J$198:$N$198,0))),"") | F14: =IFERROR(IFERROR(IFERROR(IFERROR(IFERROR(INDEX(日常水質!$J$18:$N$18,MATCH($A14,日常水質!$J$14:$N$14,0)),INDEX(日常水質!$J$64:$N$64,MATCH($A14,日常水質!$J$60:$N$60,0))),INDEX(日常水質!$J$110:$N$110,MATCH($A14,日常水質!$J$106:$N$106,0))),INDEX(日常水質!$J$156:$N$156,MATCH($A14,日常水質!$J$152:$N$152,0))),INDEX(日常水質!$J$202:$N$202,MATCH($A14,日常水質!$J$198:$N$198,0))),"") | G14: =IFERROR(IFERROR(IFERROR(IFERROR(IFERROR(INDEX(日常水質!$J$27:$N$27,MATCH($A14,日常水質!$J$14:$N$14,0)),INDEX(日常水質!$J$73:$N$73,MATCH($A14,日常水質!$J$60:$N$60,0))),INDEX(日常水質!$J$119:$N$119,MATCH($A14,日常水質!$J$106:$N$106,0))),INDEX(日常水質!$J$165:$N$165,MATCH($A14,日常水質!$J$152:$N$152,0))),INDEX(日常水質!$J$211:$N$211,MATCH($A14,日常水質!$J$198:$N$198,0))),"") | H14: =IFERROR(IFERROR(IFERROR(IFERROR(IFERROR(INDEX(日常水質!$J$28:$N$28,MATCH($A14,日常水質!$J$14:$N$14,0)),INDEX(日常水質!$J$74:$N$74,MATCH($A14,日常水質!$J$60:$N$60,0))),INDEX(日常水質!$J$120:$N$120,MATCH($A14,日常水質!$J$106:$N$106,0))),INDEX(日常水質!$J$166:$N$166,MATCH($A14,日常水質!$J$152:$N$152,0))),INDEX(日常水質!$J$212:$N$212,MATCH($A14,日常水質!$J$198:$N$198,0))),"") | J14: =IFERROR(IFERROR(IFERROR(IFERROR(IFERROR(INDEX(日常水質!$J$29:$N$29,MATCH($A14,日常水質!$J$14:$N$14,0)),INDEX(日常水質!$J$75:$N$75,MATCH($A14,日常水質!$J$60:$N$60,0))),INDEX(日常水質!$J$121:$N$121,MATCH($A14,日常水質!$J$106:$N$106,0))),INDEX(日常水質!$J$167:$N$167,MATCH($A14,日常水質!$J$152:$N$152,0))),INDEX(日常水質!$J$213:$N$213,MATCH($A14,日常水質!$J$198:$N$198,0))),"") | K14: =IFERROR(IFERROR(IFERROR(IFERROR(IFERROR(INDEX(日常水質!$J$22:$N$22,MATCH($A14,日常水質!$J$14:$N$14,0)),INDEX(日常水質!$J$68:$N$68,MATCH($A14,日常水質!$J$60:$N$60,0))),INDEX(日常水質!$J$114:$N$114,MATCH($A14,日常水質!$J$106:$N$106,0))),INDEX(日常水質!$J$160:$N$160,MATCH($A14,日常水質!$J$152:$N$152,0))),INDEX(日常水質!$J$206:$N$206,MATCH($A14,日常水質!$J$198:$N$198,0))),"") | M14: =IFERROR(IFERROR(IFERROR(IFERROR(IFERROR(INDEX(日常水質!$J$23:$N$23,MATCH($A14,日常水質!$J$14:$N$14,0)),INDEX(日常水質!$J$69:$N$69,MATCH($A14,日常水質!$J$60:$N$60,0))),INDEX(日常水質!$J$115:$N$115,MATCH($A14,日常水質!$J$106:$N$106,0))),INDEX(日常水質!$J$161:$N$161,MATCH($A14,日常水質!$J$152:$N$152,0))),INDEX(日常水質!$J$207:$N$207,MATCH($A14,日常水質!$J$198:$N$198,0))),"") | O14: =IFERROR(IFERROR(IFERROR(IFERROR(IFERROR(INDEX(日常水質!$J$34:$N$34,MATCH($A14,日常水質!$J$14:$N$14,0)),INDEX(日常水質!$J$80:$N$80,MATCH($A14,日常水質!$J$60:$N$60,0))),INDEX(日常水質!$J$126:$N$126,MATCH($A14,日常水質!$J$106:$N$106,0))),INDEX(日常水質!$J$172:$N$172,MATCH($A14,日常水質!$J$152:$N$152,0))),INDEX(日常水質!$J$218:$N$218,MATCH($A14,日常水質!$J$198:$N$198,0))),"") | P14: =IFERROR(IFERROR(IFERROR(IFERROR(IFERROR(INDEX(日常水質!$J$32:$N$32,MATCH($A14,日常水質!$J$14:$N$14,0)),INDEX(日常水質!$J$78:$N$78,MATCH($A14,日常水質!$J$60:$N$60,0))),INDEX(日常水質!$J$124:$N$124,MATCH($A14,日常水質!$J$106:$N$106,0))),INDEX(日常水質!$J$170:$N$170,MATCH($A14,日常水質!$J$152:$N$152,0))),INDEX(日常水質!$J$216:$N$216,MATCH($A14,日常水質!$J$198:$N$198,0))),"") | Q14: =IFERROR(IFERROR(IFERROR(IFERROR(IFERROR(INDEX(日常水質!$J$36:$N$36,MATCH($A14,日常水質!$J$14:$N$14,0)),INDEX(日常水質!$J$82:$N$82,MATCH($A14,日常水質!$J$60:$N$60,0))),INDEX(日常水質!$J$128:$N$128,MATCH($A14,日常水質!$J$106:$N$106,0))),INDEX(日常水質!$J$174:$N$174,MATCH($A14,日常水質!$J$152:$N$152,0))),INDEX(日常水質!$J$220:$N$220,MATCH($A14,日常水質!$J$198:$N$198,0))),"")
A15: =IF(ISNUMBER(A14),IF(MONTH(A14+1)=MONTH($A$8),A14+1,""),"") | B15: =IF(ISNUMBER(A15),A15,"") | C15: =IFERROR(IFERROR(IFERROR(IFERROR(IFERROR(INDEX(日常水質!$J$16:$N$16,MATCH($A15,日常水質!$J$14:$N$14,0)),INDEX(日常水質!$J$62:$N$62,MATCH($A15,日常水質!$J$60:$N$60,0))),INDEX(日常水質!$J$108:$N$108,MATCH($A15,日常水質!$J$106:$N$106,0))),INDEX(日常水質!$J$154:$N$154,MATCH($A15,日常水質!$J$152:$N$152,0))),INDEX(日常水質!$J$200:$N$200,MATCH($A15,日常水質!$J$198:$N$198,0))),"") | D15: =IFERROR(IFERROR(IFERROR(IFERROR(IFERROR(INDEX(日常水質!$J$17:$N$17,MATCH($A15,日常水質!$J$14:$N$14,0)),INDEX(日常水質!$J$63:$N$63,MATCH($A15,日常水質!$J$60:$N$60,0))),INDEX(日常水質!$J$109:$N$109,MATCH($A15,日常水質!$J$106:$N$106,0))),INDEX(日常水質!$J$155:$N$155,MATCH($A15,日常水質!$J$152:$N$152,0))),INDEX(日常水質!$J$201:$N$201,MATCH($A15,日常水質!$J$198:$N$198,0))),"") | F15: =IFERROR(IFERROR(IFERROR(IFERROR(IFERROR(INDEX(日常水質!$J$18:$N$18,MATCH($A15,日常水質!$J$14:$N$14,0)),INDEX(日常水質!$J$64:$N$64,MATCH($A15,日常水質!$J$60:$N$60,0))),INDEX(日常水質!$J$110:$N$110,MATCH($A15,日常水質!$J$106:$N$106,0))),INDEX(日常水質!$J$156:$N$156,MATCH($A15,日常水質!$J$152:$N$152,0))),INDEX(日常水質!$J$202:$N$202,MATCH($A15,日常水質!$J$198:$N$198,0))),"") | G15: =IFERROR(IFERROR(IFERROR(IFERROR(IFERROR(INDEX(日常水質!$J$27:$N$27,MATCH($A15,日常水質!$J$14:$N$14,0)),INDEX(日常水質!$J$73:$N$73,MATCH($A15,日常水質!$J$60:$N$60,0))),INDEX(日常水質!$J$119:$N$119,MATCH($A15,日常水質!$J$106:$N$106,0))),INDEX(日常水質!$J$165:$N$165,MATCH($A15,日常水質!$J$152:$N$152,0))),INDEX(日常水質!$J$211:$N$211,MATCH($A15,日常水質!$J$198:$N$198,0))),"") | H15: =IFERROR(IFERROR(IFERROR(IFERROR(IFERROR(INDEX(日常水質!$J$28:$N$28,MATCH($A15,日常水質!$J$14:$N$14,0)),INDEX(日常水質!$J$74:$N$74,MATCH($A15,日常水質!$J$60:$N$60,0))),INDEX(日常水質!$J$120:$N$120,MATCH($A15,日常水質!$J$106:$N$106,0))),INDEX(日常水質!$J$166:$N$166,MATCH($A15,日常水質!$J$152:$N$152,0))),INDEX(日常水質!$J$212:$N$212,MATCH($A15,日常水質!$J$198:$N$198,0))),"") | J15: =IFERROR(IFERROR(IFERROR(IFERROR(IFERROR(INDEX(日常水質!$J$29:$N$29,MATCH($A15,日常水質!$J$14:$N$14,0)),INDEX(日常水質!$J$75:$N$75,MATCH($A15,日常水質!$J$60:$N$60,0))),INDEX(日常水質!$J$121:$N$121,MATCH($A15,日常水質!$J$106:$N$106,0))),INDEX(日常水質!$J$167:$N$167,MATCH($A15,日常水質!$J$152:$N$152,0))),INDEX(日常水質!$J$213:$N$213,MATCH($A15,日常水質!$J$198:$N$198,0))),"") | K15: =IFERROR(IFERROR(IFERROR(IFERROR(IFERROR(INDEX(日常水質!$J$22:$N$22,MATCH($A15,日常水質!$J$14:$N$14,0)),INDEX(日常水質!$J$68:$N$68,MATCH($A15,日常水質!$J$60:$N$60,0))),INDEX(日常水質!$J$114:$N$114,MATCH($A15,日常水質!$J$106:$N$106,0))),INDEX(日常水質!$J$160:$N$160,MATCH($A15,日常水質!$J$152:$N$152,0))),INDEX(日常水質!$J$206:$N$206,MATCH($A15,日常水質!$J$198:$N$198,0))),"") | M15: =IFERROR(IFERROR(IFERROR(IFERROR(IFERROR(INDEX(日常水質!$J$23:$N$23,MATCH($A15,日常水質!$J$14:$N$14,0)),INDEX(日常水質!$J$69:$N$69,MATCH($A15,日常水質!$J$60:$N$60,0))),INDEX(日常水質!$J$115:$N$115,MATCH($A15,日常水質!$J$106:$N$106,0))),INDEX(日常水質!$J$161:$N$161,MATCH($A15,日常水質!$J$152:$N$152,0))),INDEX(日常水質!$J$207:$N$207,MATCH($A15,日常水質!$J$198:$N$198,0))),"") | O15: =IFERROR(IFERROR(IFERROR(IFERROR(IFERROR(INDEX(日常水質!$J$34:$N$34,MATCH($A15,日常水質!$J$14:$N$14,0)),INDEX(日常水質!$J$80:$N$80,MATCH($A15,日常水質!$J$60:$N$60,0))),INDEX(日常水質!$J$126:$N$126,MATCH($A15,日常水質!$J$106:$N$106,0))),INDEX(日常水質!$J$172:$N$172,MATCH($A15,日常水質!$J$152:$N$152,0))),INDEX(日常水質!$J$218:$N$218,MATCH($A15,日常水質!$J$198:$N$198,0))),"") | P15: =IFERROR(IFERROR(IFERROR(IFERROR(IFERROR(INDEX(日常水質!$J$32:$N$32,MATCH($A15,日常水質!$J$14:$N$14,0)),INDEX(日常水質!$J$78:$N$78,MATCH($A15,日常水質!$J$60:$N$60,0))),INDEX(日常水質!$J$124:$N$124,MATCH($A15,日常水質!$J$106:$N$106,0))),INDEX(日常水質!$J$170:$N$170,MATCH($A15,日常水質!$J$152:$N$152,0))),INDEX(日常水質!$J$216:$N$216,MATCH($A15,日常水質!$J$198:$N$198,0))),"") | Q15: =IFERROR(IFERROR(IFERROR(IFERROR(IFERROR(INDEX(日常水質!$J$36:$N$36,MATCH($A15,日常水質!$J$14:$N$14,0)),INDEX(日常水質!$J$82:$N$82,MATCH($A15,日常水質!$J$60:$N$60,0))),INDEX(日常水質!$J$128:$N$128,MATCH($A15,日常水質!$J$106:$N$106,0))),INDEX(日常水質!$J$174:$N$174,MATCH($A15,日常水質!$J$152:$N$152,0))),INDEX(日常水質!$J$220:$N$220,MATCH($A15,日常水質!$J$198:$N$198,0))),"")
A16: =IF(ISNUMBER(A15),IF(MONTH(A15+1)=MONTH($A$8),A15+1,""),"") | B16: =IF(ISNUMBER(A16),A16,"") | C16: =IFERROR(IFERROR(IFERROR(IFERROR(IFERROR(INDEX(日常水質!$J$16:$N$16,MATCH($A16,日常水質!$J$14:$N$14,0)),INDEX(日常水質!$J$62:$N$62,MATCH($A16,日常水質!$J$60:$N$60,0))),INDEX(日常水質!$J$108:$N$108,MATCH($A16,日常水質!$J$106:$N$106,0))),INDEX(日常水質!$J$154:$N$154,MATCH($A16,日常水質!$J$152:$N$152,0))),INDEX(日常水質!$J$200:$N$200,MATCH($A16,日常水質!$J$198:$N$198,0))),"") | D16: =IFERROR(IFERROR(IFERROR(IFERROR(IFERROR(INDEX(日常水質!$J$17:$N$17,MATCH($A16,日常水質!$J$14:$N$14,0)),INDEX(日常水質!$J$63:$N$63,MATCH($A16,日常水質!$J$60:$N$60,0))),INDEX(日常水質!$J$109:$N$109,MATCH($A16,日常水質!$J$106:$N$106,0))),INDEX(日常水質!$J$155:$N$155,MATCH($A16,日常水質!$J$152:$N$152,0))),INDEX(日常水質!$J$201:$N$201,MATCH($A16,日常水質!$J$198:$N$198,0))),"") | F16: =IFERROR(IFERROR(IFERROR(IFERROR(IFERROR(INDEX(日常水質!$J$18:$N$18,MATCH($A16,日常水質!$J$14:$N$14,0)),INDEX(日常水質!$J$64:$N$64,MATCH($A16,日常水質!$J$60:$N$60,0))),INDEX(日常水質!$J$110:$N$110,MATCH($A16,日常水質!$J$106:$N$106,0))),INDEX(日常水質!$J$156:$N$156,MATCH($A16,日常水質!$J$152:$N$152,0))),INDEX(日常水質!$J$202:$N$202,MATCH($A16,日常水質!$J$198:$N$198,0))),"") | G16: =IFERROR(IFERROR(IFERROR(IFERROR(IFERROR(INDEX(日常水質!$J$27:$N$27,MATCH($A16,日常水質!$J$14:$N$14,0)),INDEX(日常水質!$J$73:$N$73,MATCH($A16,日常水質!$J$60:$N$60,0))),INDEX(日常水質!$J$119:$N$119,MATCH($A16,日常水質!$J$106:$N$106,0))),INDEX(日常水質!$J$165:$N$165,MATCH($A16,日常水質!$J$152:$N$152,0))),INDEX(日常水質!$J$211:$N$211,MATCH($A16,日常水質!$J$198:$N$198,0))),"") | H16: =IFERROR(IFERROR(IFERROR(IFERROR(IFERROR(INDEX(日常水質!$J$28:$N$28,MATCH($A16,日常水質!$J$14:$N$14,0)),INDEX(日常水質!$J$74:$N$74,MATCH($A16,日常水質!$J$60:$N$60,0))),INDEX(日常水質!$J$120:$N$120,MATCH($A16,日常水質!$J$106:$N$106,0))),INDEX(日常水質!$J$166:$N$166,MATCH($A16,日常水質!$J$152:$N$152,0))),INDEX(日常水質!$J$212:$N$212,MATCH($A16,日常水質!$J$198:$N$198,0))),"") | J16: =IFERROR(IFERROR(IFERROR(IFERROR(IFERROR(INDEX(日常水質!$J$29:$N$29,MATCH($A16,日常水質!$J$14:$N$14,0)),INDEX(日常水質!$J$75:$N$75,MATCH($A16,日常水質!$J$60:$N$60,0))),INDEX(日常水質!$J$121:$N$121,MATCH($A16,日常水質!$J$106:$N$106,0))),INDEX(日常水質!$J$167:$N$167,MATCH($A16,日常水質!$J$152:$N$152,0))),INDEX(日常水質!$J$213:$N$213,MATCH($A16,日常水質!$J$198:$N$198,0))),"") | K16: =IFERROR(IFERROR(IFERROR(IFERROR(IFERROR(INDEX(日常水質!$J$22:$N$22,MATCH($A16,日常水質!$J$14:$N$14,0)),INDEX(日常水質!$J$68:$N$68,MATCH($A16,日常水質!$J$60:$N$60,0))),INDEX(日常水質!$J$114:$N$114,MATCH($A16,日常水質!$J$106:$N$106,0))),INDEX(日常水質!$J$160:$N$160,MATCH($A16,日常水質!$J$152:$N$152,0))),INDEX(日常水質!$J$206:$N$206,MATCH($A16,日常水質!$J$198:$N$198,0))),"") | M16: =IFERROR(IFERROR(IFERROR(IFERROR(IFERROR(INDEX(日常水質!$J$23:$N$23,MATCH($A16,日常水質!$J$14:$N$14,0)),INDEX(日常水質!$J$69:$N$69,MATCH($A16,日常水質!$J$60:$N$60,0))),INDEX(日常水質!$J$115:$N$115,MATCH($A16,日常水質!$J$106:$N$106,0))),INDEX(日常水質!$J$161:$N$161,MATCH($A16,日常水質!$J$152:$N$152,0))),INDEX(日常水質!$J$207:$N$207,MATCH($A16,日常水質!$J$198:$N$198,0))),"") | O16: =IFERROR(IFERROR(IFERROR(IFERROR(IFERROR(INDEX(日常水質!$J$34:$N$34,MATCH($A16,日常水質!$J$14:$N$14,0)),INDEX(日常水質!$J$80:$N$80,MATCH($A16,日常水質!$J$60:$N$60,0))),INDEX(日常水質!$J$126:$N$126,MATCH($A16,日常水質!$J$106:$N$106,0))),INDEX(日常水質!$J$172:$N$172,MATCH($A16,日常水質!$J$152:$N$152,0))),INDEX(日常水質!$J$218:$N$218,MATCH($A16,日常水質!$J$198:$N$198,0))),"") | P16: =IFERROR(IFERROR(IFERROR(IFERROR(IFERROR(INDEX(日常水質!$J$32:$N$32,MATCH($A16,日常水質!$J$14:$N$14,0)),INDEX(日常水質!$J$78:$N$78,MATCH($A16,日常水質!$J$60:$N$60,0))),INDEX(日常水質!$J$124:$N$124,MATCH($A16,日常水質!$J$106:$N$106,0))),INDEX(日常水質!$J$170:$N$170,MATCH($A16,日常水質!$J$152:$N$152,0))),INDEX(日常水質!$J$216:$N$216,MATCH($A16,日常水質!$J$198:$N$198,0))),"") | Q16: =IFERROR(IFERROR(IFERROR(IFERROR(IFERROR(INDEX(日常水質!$J$36:$N$36,MATCH($A16,日常水質!$J$14:$N$14,0)),INDEX(日常水質!$J$82:$N$82,MATCH($A16,日常水質!$J$60:$N$60,0))),INDEX(日常水質!$J$128:$N$128,MATCH($A16,日常水質!$J$106:$N$106,0))),INDEX(日常水質!$J$174:$N$174,MATCH($A16,日常水質!$J$152:$N$152,0))),INDEX(日常水質!$J$220:$N$220,MATCH($A16,日常水質!$J$198:$N$198,0))),"")
A17: =IF(ISNUMBER(A16),IF(MONTH(A16+1)=MONTH($A$8),A16+1,""),"") | B17: =IF(ISNUMBER(A17),A17,"") | C17: =IFERROR(IFERROR(IFERROR(IFERROR(IFERROR(INDEX(日常水質!$J$16:$N$16,MATCH($A17,日常水質!$J$14:$N$14,0)),INDEX(日常水質!$J$62:$N$62,MATCH($A17,日常水質!$J$60:$N$60,0))),INDEX(日常水質!$J$108:$N$108,MATCH($A17,日常水質!$J$106:$N$106,0))),INDEX(日常水質!$J$154:$N$154,MATCH($A17,日常水質!$J$152:$N$152,0))),INDEX(日常水質!$J$200:$N$200,MATCH($A17,日常水質!$J$198:$N$198,0))),"") | D17: =IFERROR(IFERROR(IFERROR(IFERROR(IFERROR(INDEX(日常水質!$J$17:$N$17,MATCH($A17,日常水質!$J$14:$N$14,0)),INDEX(日常水質!$J$63:$N$63,MATCH($A17,日常水質!$J$60:$N$60,0))),INDEX(日常水質!$J$109:$N$109,MATCH($A17,日常水質!$J$106:$N$106,0))),INDEX(日常水質!$J$155:$N$155,MATCH($A17,日常水質!$J$152:$N$152,0))),INDEX(日常水質!$J$201:$N$201,MATCH($A17,日常水質!$J$198:$N$198,0))),"") | F17: =IFERROR(IFERROR(IFERROR(IFERROR(IFERROR(INDEX(日常水質!$J$18:$N$18,MATCH($A17,日常水質!$J$14:$N$14,0)),INDEX(日常水質!$J$64:$N$64,MATCH($A17,日常水質!$J$60:$N$60,0))),INDEX(日常水質!$J$110:$N$110,MATCH($A17,日常水質!$J$106:$N$106,0))),INDEX(日常水質!$J$156:$N$156,MATCH($A17,日常水質!$J$152:$N$152,0))),INDEX(日常水質!$J$202:$N$202,MATCH($A17,日常水質!$J$198:$N$198,0))),"") | G17: =IFERROR(IFERROR(IFERROR(IFERROR(IFERROR(INDEX(日常水質!$J$27:$N$27,MATCH($A17,日常水質!$J$14:$N$14,0)),INDEX(日常水質!$J$73:$N$73,MATCH($A17,日常水質!$J$60:$N$60,0))),INDEX(日常水質!$J$119:$N$119,MATCH($A17,日常水質!$J$106:$N$106,0))),INDEX(日常水質!$J$165:$N$165,MATCH($A17,日常水質!$J$152:$N$152,0))),INDEX(日常水質!$J$211:$N$211,MATCH($A17,日常水質!$J$198:$N$198,0))),"") | H17: =IFERROR(IFERROR(IFERROR(IFERROR(IFERROR(INDEX(日常水質!$J$28:$N$28,MATCH($A17,日常水質!$J$14:$N$14,0)),INDEX(日常水質!$J$74:$N$74,MATCH($A17,日常水質!$J$60:$N$60,0))),INDEX(日常水質!$J$120:$N$120,MATCH($A17,日常水質!$J$106:$N$106,0))),INDEX(日常水質!$J$166:$N$166,MATCH($A17,日常水質!$J$152:$N$152,0))),INDEX(日常水質!$J$212:$N$212,MATCH($A17,日常水質!$J$198:$N$198,0))),"") | J17: =IFERROR(IFERROR(IFERROR(IFERROR(IFERROR(INDEX(日常水質!$J$29:$N$29,MATCH($A17,日常水質!$J$14:$N$14,0)),INDEX(日常水質!$J$75:$N$75,MATCH($A17,日常水質!$J$60:$N$60,0))),INDEX(日常水質!$J$121:$N$121,MATCH($A17,日常水質!$J$106:$N$106,0))),INDEX(日常水質!$J$167:$N$167,MATCH($A17,日常水質!$J$152:$N$152,0))),INDEX(日常水質!$J$213:$N$213,MATCH($A17,日常水質!$J$198:$N$198,0))),"") | K17: =IFERROR(IFERROR(IFERROR(IFERROR(IFERROR(INDEX(日常水質!$J$22:$N$22,MATCH($A17,日常水質!$J$14:$N$14,0)),INDEX(日常水質!$J$68:$N$68,MATCH($A17,日常水質!$J$60:$N$60,0))),INDEX(日常水質!$J$114:$N$114,MATCH($A17,日常水質!$J$106:$N$106,0))),INDEX(日常水質!$J$160:$N$160,MATCH($A17,日常水質!$J$152:$N$152,0))),INDEX(日常水質!$J$206:$N$206,MATCH($A17,日常水質!$J$198:$N$198,0))),"") | M17: =IFERROR(IFERROR(IFERROR(IFERROR(IFERROR(INDEX(日常水質!$J$23:$N$23,MATCH($A17,日常水質!$J$14:$N$14,0)),INDEX(日常水質!$J$69:$N$69,MATCH($A17,日常水質!$J$60:$N$60,0))),INDEX(日常水質!$J$115:$N$115,MATCH($A17,日常水質!$J$106:$N$106,0))),INDEX(日常水質!$J$161:$N$161,MATCH($A17,日常水質!$J$152:$N$152,0))),INDEX(日常水質!$J$207:$N$207,MATCH($A17,日常水質!$J$198:$N$198,0))),"") | O17: =IFERROR(IFERROR(IFERROR(IFERROR(IFERROR(INDEX(日常水質!$J$34:$N$34,MATCH($A17,日常水質!$J$14:$N$14,0)),INDEX(日常水質!$J$80:$N$80,MATCH($A17,日常水質!$J$60:$N$60,0))),INDEX(日常水質!$J$126:$N$126,MATCH($A17,日常水質!$J$106:$N$106,0))),INDEX(日常水質!$J$172:$N$172,MATCH($A17,日常水質!$J$152:$N$152,0))),INDEX(日常水質!$J$218:$N$218,MATCH($A17,日常水質!$J$198:$N$198,0))),"") | P17: =IFERROR(IFERROR(IFERROR(IFERROR(IFERROR(INDEX(日常水質!$J$32:$N$32,MATCH($A17,日常水質!$J$14:$N$14,0)),INDEX(日常水質!$J$78:$N$78,MATCH($A17,日常水質!$J$60:$N$60,0))),INDEX(日常水質!$J$124:$N$124,MATCH($A17,日常水質!$J$106:$N$106,0))),INDEX(日常水質!$J$170:$N$170,MATCH($A17,日常水質!$J$152:$N$152,0))),INDEX(日常水質!$J$216:$N$216,MATCH($A17,日常水質!$J$198:$N$198,0))),"") | Q17: =IFERROR(IFERROR(IFERROR(IFERROR(IFERROR(INDEX(日常水質!$J$36:$N$36,MATCH($A17,日常水質!$J$14:$N$14,0)),INDEX(日常水質!$J$82:$N$82,MATCH($A17,日常水質!$J$60:$N$60,0))),INDEX(日常水質!$J$128:$N$128,MATCH($A17,日常水質!$J$106:$N$106,0))),INDEX(日常水質!$J$174:$N$174,MATCH($A17,日常水質!$J$152:$N$152,0))),INDEX(日常水質!$J$220:$N$220,MATCH($A17,日常水質!$J$198:$N$198,0))),"")
A18: =IF(ISNUMBER(A17),IF(MONTH(A17+1)=MONTH($A$8),A17+1,""),"") | B18: =IF(ISNUMBER(A18),A18,"") | C18: =IFERROR(IFERROR(IFERROR(IFERROR(IFERROR(INDEX(日常水質!$J$16:$N$16,MATCH($A18,日常水質!$J$14:$N$14,0)),INDEX(日常水質!$J$62:$N$62,MATCH($A18,日常水質!$J$60:$N$60,0))),INDEX(日常水質!$J$108:$N$108,MATCH($A18,日常水質!$J$106:$N$106,0))),INDEX(日常水質!$J$154:$N$154,MATCH($A18,日常水質!$J$152:$N$152,0))),INDEX(日常水質!$J$200:$N$200,MATCH($A18,日常水質!$J$198:$N$198,0))),"") | D18: =IFERROR(IFERROR(IFERROR(IFERROR(IFERROR(INDEX(日常水質!$J$17:$N$17,MATCH($A18,日常水質!$J$14:$N$14,0)),INDEX(日常水質!$J$63:$N$63,MATCH($A18,日常水質!$J$60:$N$60,0))),INDEX(日常水質!$J$109:$N$109,MATCH($A18,日常水質!$J$106:$N$106,0))),INDEX(日常水質!$J$155:$N$155,MATCH($A18,日常水質!$J$152:$N$152,0))),INDEX(日常水質!$J$201:$N$201,MATCH($A18,日常水質!$J$198:$N$198,0))),"") | F18: =IFERROR(IFERROR(IFERROR(IFERROR(IFERROR(INDEX(日常水質!$J$18:$N$18,MATCH($A18,日常水質!$J$14:$N$14,0)),INDEX(日常水質!$J$64:$N$64,MATCH($A18,日常水質!$J$60:$N$60,0))),INDEX(日常水質!$J$110:$N$110,MATCH($A18,日常水質!$J$106:$N$106,0))),INDEX(日常水質!$J$156:$N$156,MATCH($A18,日常水質!$J$152:$N$152,0))),INDEX(日常水質!$J$202:$N$202,MATCH($A18,日常水質!$J$198:$N$198,0))),"") | G18: =IFERROR(IFERROR(IFERROR(IFERROR(IFERROR(INDEX(日常水質!$J$27:$N$27,MATCH($A18,日常水質!$J$14:$N$14,0)),INDEX(日常水質!$J$73:$N$73,MATCH($A18,日常水質!$J$60:$N$60,0))),INDEX(日常水質!$J$119:$N$119,MATCH($A18,日常水質!$J$106:$N$106,0))),INDEX(日常水質!$J$165:$N$165,MATCH($A18,日常水質!$J$152:$N$152,0))),INDEX(日常水質!$J$211:$N$211,MATCH($A18,日常水質!$J$198:$N$198,0))),"") | H18: =IFERROR(IFERROR(IFERROR(IFERROR(IFERROR(INDEX(日常水質!$J$28:$N$28,MATCH($A18,日常水質!$J$14:$N$14,0)),INDEX(日常水質!$J$74:$N$74,MATCH($A18,日常水質!$J$60:$N$60,0))),INDEX(日常水質!$J$120:$N$120,MATCH($A18,日常水質!$J$106:$N$106,0))),INDEX(日常水質!$J$166:$N$166,MATCH($A18,日常水質!$J$152:$N$152,0))),INDEX(日常水質!$J$212:$N$212,MATCH($A18,日常水質!$J$198:$N$198,0))),"") | J18: =IFERROR(IFERROR(IFERROR(IFERROR(IFERROR(INDEX(日常水質!$J$29:$N$29,MATCH($A18,日常水質!$J$14:$N$14,0)),INDEX(日常水質!$J$75:$N$75,MATCH($A18,日常水質!$J$60:$N$60,0))),INDEX(日常水質!$J$121:$N$121,MATCH($A18,日常水質!$J$106:$N$106,0))),INDEX(日常水質!$J$167:$N$167,MATCH($A18,日常水質!$J$152:$N$152,0))),INDEX(日常水質!$J$213:$N$213,MATCH($A18,日常水質!$J$198:$N$198,0))),"") | K18: =IFERROR(IFERROR(IFERROR(IFERROR(IFERROR(INDEX(日常水質!$J$22:$N$22,MATCH($A18,日常水質!$J$14:$N$14,0)),INDEX(日常水質!$J$68:$N$68,MATCH($A18,日常水質!$J$60:$N$60,0))),INDEX(日常水質!$J$114:$N$114,MATCH($A18,日常水質!$J$106:$N$106,0))),INDEX(日常水質!$J$160:$N$160,MATCH($A18,日常水質!$J$152:$N$152,0))),INDEX(日常水質!$J$206:$N$206,MATCH($A18,日常水質!$J$198:$N$198,0))),"") | M18: =IFERROR(IFERROR(IFERROR(IFERROR(IFERROR(INDEX(日常水質!$J$23:$N$23,MATCH($A18,日常水質!$J$14:$N$14,0)),INDEX(日常水質!$J$69:$N$69,MATCH($A18,日常水質!$J$60:$N$60,0))),INDEX(日常水質!$J$115:$N$115,MATCH($A18,日常水質!$J$106:$N$106,0))),INDEX(日常水質!$J$161:$N$161,MATCH($A18,日常水質!$J$152:$N$152,0))),INDEX(日常水質!$J$207:$N$207,MATCH($A18,日常水質!$J$198:$N$198,0))),"") | O18: =IFERROR(IFERROR(IFERROR(IFERROR(IFERROR(INDEX(日常水質!$J$34:$N$34,MATCH($A18,日常水質!$J$14:$N$14,0)),INDEX(日常水質!$J$80:$N$80,MATCH($A18,日常水質!$J$60:$N$60,0))),INDEX(日常水質!$J$126:$N$126,MATCH($A18,日常水質!$J$106:$N$106,0))),INDEX(日常水質!$J$172:$N$172,MATCH($A18,日常水質!$J$152:$N$152,0))),INDEX(日常水質!$J$218:$N$218,MATCH($A18,日常水質!$J$198:$N$198,0))),"") | P18: =IFERROR(IFERROR(IFERROR(IFERROR(IFERROR(INDEX(日常水質!$J$32:$N$32,MATCH($A18,日常水質!$J$14:$N$14,0)),INDEX(日常水質!$J$78:$N$78,MATCH($A18,日常水質!$J$60:$N$60,0))),INDEX(日常水質!$J$124:$N$124,MATCH($A18,日常水質!$J$106:$N$106,0))),INDEX(日常水質!$J$170:$N$170,MATCH($A18,日常水質!$J$152:$N$152,0))),INDEX(日常水質!$J$216:$N$216,MATCH($A18,日常水質!$J$198:$N$198,0))),"") | Q18: =IFERROR(IFERROR(IFERROR(IFERROR(IFERROR(INDEX(日常水質!$J$36:$N$36,MATCH($A18,日常水質!$J$14:$N$14,0)),INDEX(日常水質!$J$82:$N$82,MATCH($A18,日常水質!$J$60:$N$60,0))),INDEX(日常水質!$J$128:$N$128,MATCH($A18,日常水質!$J$106:$N$106,0))),INDEX(日常水質!$J$174:$N$174,MATCH($A18,日常水質!$J$152:$N$152,0))),INDEX(日常水質!$J$220:$N$220,MATCH($A18,日常水質!$J$198:$N$198,0))),"")
A19: =IF(ISNUMBER(A18),IF(MONTH(A18+1)=MONTH($A$8),A18+1,""),"") | B19: =IF(ISNUMBER(A19),A19,"") | C19: =IFERROR(IFERROR(IFERROR(IFERROR(IFERROR(INDEX(日常水質!$J$16:$N$16,MATCH($A19,日常水質!$J$14:$N$14,0)),INDEX(日常水質!$J$62:$N$62,MATCH($A19,日常水質!$J$60:$N$60,0))),INDEX(日常水質!$J$108:$N$108,MATCH($A19,日常水質!$J$106:$N$106,0))),INDEX(日常水質!$J$154:$N$154,MATCH($A19,日常水質!$J$152:$N$152,0))),INDEX(日常水質!$J$200:$N$200,MATCH($A19,日常水質!$J$198:$N$198,0))),"") | D19: =IFERROR(IFERROR(IFERROR(IFERROR(IFERROR(INDEX(日常水質!$J$17:$N$17,MATCH($A19,日常水質!$J$14:$N$14,0)),INDEX(日常水質!$J$63:$N$63,MATCH($A19,日常水質!$J$60:$N$60,0))),INDEX(日常水質!$J$109:$N$109,MATCH($A19,日常水質!$J$106:$N$106,0))),INDEX(日常水質!$J$155:$N$155,MATCH($A19,日常水質!$J$152:$N$152,0))),INDEX(日常水質!$J$201:$N$201,MATCH($A19,日常水質!$J$198:$N$198,0))),"") | F19: =IFERROR(IFERROR(IFERROR(IFERROR(IFERROR(INDEX(日常水質!$J$18:$N$18,MATCH($A19,日常水質!$J$14:$N$14,0)),INDEX(日常水質!$J$64:$N$64,MATCH($A19,日常水質!$J$60:$N$60,0))),INDEX(日常水質!$J$110:$N$110,MATCH($A19,日常水質!$J$106:$N$106,0))),INDEX(日常水質!$J$156:$N$156,MATCH($A19,日常水質!$J$152:$N$152,0))),INDEX(日常水質!$J$202:$N$202,MATCH($A19,日常水質!$J$198:$N$198,0))),"") | G19: =IFERROR(IFERROR(IFERROR(IFERROR(IFERROR(INDEX(日常水質!$J$27:$N$27,MATCH($A19,日常水質!$J$14:$N$14,0)),INDEX(日常水質!$J$73:$N$73,MATCH($A19,日常水質!$J$60:$N$60,0))),INDEX(日常水質!$J$119:$N$119,MATCH($A19,日常水質!$J$106:$N$106,0))),INDEX(日常水質!$J$165:$N$165,MATCH($A19,日常水質!$J$152:$N$152,0))),INDEX(日常水質!$J$211:$N$211,MATCH($A19,日常水質!$J$198:$N$198,0))),"") | H19: =IFERROR(IFERROR(IFERROR(IFERROR(IFERROR(INDEX(日常水質!$J$28:$N$28,MATCH($A19,日常水質!$J$14:$N$14,0)),INDEX(日常水質!$J$74:$N$74,MATCH($A19,日常水質!$J$60:$N$60,0))),INDEX(日常水質!$J$120:$N$120,MATCH($A19,日常水質!$J$106:$N$106,0))),INDEX(日常水質!$J$166:$N$166,MATCH($A19,日常水質!$J$152:$N$152,0))),INDEX(日常水質!$J$212:$N$212,MATCH($A19,日常水質!$J$198:$N$198,0))),"") | J19: =IFERROR(IFERROR(IFERROR(IFERROR(IFERROR(INDEX(日常水質!$J$29:$N$29,MATCH($A19,日常水質!$J$14:$N$14,0)),INDEX(日常水質!$J$75:$N$75,MATCH($A19,日常水質!$J$60:$N$60,0))),INDEX(日常水質!$J$121:$N$121,MATCH($A19,日常水質!$J$106:$N$106,0))),INDEX(日常水質!$J$167:$N$167,MATCH($A19,日常水質!$J$152:$N$152,0))),INDEX(日常水質!$J$213:$N$213,MATCH($A19,日常水質!$J$198:$N$198,0))),"") | K19: =IFERROR(IFERROR(IFERROR(IFERROR(IFERROR(INDEX(日常水質!$J$22:$N$22,MATCH($A19,日常水質!$J$14:$N$14,0)),INDEX(日常水質!$J$68:$N$68,MATCH($A19,日常水質!$J$60:$N$60,0))),INDEX(日常水質!$J$114:$N$114,MATCH($A19,日常水質!$J$106:$N$106,0))),INDEX(日常水質!$J$160:$N$160,MATCH($A19,日常水質!$J$152:$N$152,0))),INDEX(日常水質!$J$206:$N$206,MATCH($A19,日常水質!$J$198:$N$198,0))),"") | M19: =IFERROR(IFERROR(IFERROR(IFERROR(IFERROR(INDEX(日常水質!$J$23:$N$23,MATCH($A19,日常水質!$J$14:$N$14,0)),INDEX(日常水質!$J$69:$N$69,MATCH($A19,日常水質!$J$60:$N$60,0))),INDEX(日常水質!$J$115:$N$115,MATCH($A19,日常水質!$J$106:$N$106,0))),INDEX(日常水質!$J$161:$N$161,MATCH($A19,日常水質!$J$152:$N$152,0))),INDEX(日常水質!$J$207:$N$207,MATCH($A19,日常水質!$J$198:$N$198,0))),"") | O19: =IFERROR(IFERROR(IFERROR(IFERROR(IFERROR(INDEX(日常水質!$J$34:$N$34,MATCH($A19,日常水質!$J$14:$N$14,0)),INDEX(日常水質!$J$80:$N$80,MATCH($A19,日常水質!$J$60:$N$60,0))),INDEX(日常水質!$J$126:$N$126,MATCH($A19,日常水質!$J$106:$N$106,0))),INDEX(日常水質!$J$172:$N$172,MATCH($A19,日常水質!$J$152:$N$152,0))),INDEX(日常水質!$J$218:$N$218,MATCH($A19,日常水質!$J$198:$N$198,0))),"") | P19: =IFERROR(IFERROR(IFERROR(IFERROR(IFERROR(INDEX(日常水質!$J$32:$N$32,MATCH($A19,日常水質!$J$14:$N$14,0)),INDEX(日常水質!$J$78:$N$78,MATCH($A19,日常水質!$J$60:$N$60,0))),INDEX(日常水質!$J$124:$N$124,MATCH($A19,日常水質!$J$106:$N$106,0))),INDEX(日常水質!$J$170:$N$170,MATCH($A19,日常水質!$J$152:$N$152,0))),INDEX(日常水質!$J$216:$N$216,MATCH($A19,日常水質!$J$198:$N$198,0))),"") | Q19: =IFERROR(IFERROR(IFERROR(IFERROR(IFERROR(INDEX(日常水質!$J$36:$N$36,MATCH($A19,日常水質!$J$14:$N$14,0)),INDEX(日常水質!$J$82:$N$82,MATCH($A19,日常水質!$J$60:$N$60,0))),INDEX(日常水質!$J$128:$N$128,MATCH($A19,日常水質!$J$106:$N$106,0))),INDEX(日常水質!$J$174:$N$174,MATCH($A19,日常水質!$J$152:$N$152,0))),INDEX(日常水質!$J$220:$N$220,MATCH($A19,日常水質!$J$198:$N$198,0))),"")
A20: =IF(ISNUMBER(A19),IF(MONTH(A19+1)=MONTH($A$8),A19+1,""),"") | B20: =IF(ISNUMBER(A20),A20,"") | C20: =IFERROR(IFERROR(IFERROR(IFERROR(IFERROR(INDEX(日常水質!$J$16:$N$16,MATCH($A20,日常水質!$J$14:$N$14,0)),INDEX(日常水質!$J$62:$N$62,MATCH($A20,日常水質!$J$60:$N$60,0))),INDEX(日常水質!$J$108:$N$108,MATCH($A20,日常水質!$J$106:$N$106,0))),INDEX(日常水質!$J$154:$N$154,MATCH($A20,日常水質!$J$152:$N$152,0))),INDEX(日常水質!$J$200:$N$200,MATCH($A20,日常水質!$J$198:$N$198,0))),"") | D20: =IFERROR(IFERROR(IFERROR(IFERROR(IFERROR(INDEX(日常水質!$J$17:$N$17,MATCH($A20,日常水質!$J$14:$N$14,0)),INDEX(日常水質!$J$63:$N$63,MATCH($A20,日常水質!$J$60:$N$60,0))),INDEX(日常水質!$J$109:$N$109,MATCH($A20,日常水質!$J$106:$N$106,0))),INDEX(日常水質!$J$155:$N$155,MATCH($A20,日常水質!$J$152:$N$152,0))),INDEX(日常水質!$J$201:$N$201,MATCH($A20,日常水質!$J$198:$N$198,0))),"") | F20: =IFERROR(IFERROR(IFERROR(IFERROR(IFERROR(INDEX(日常水質!$J$18:$N$18,MATCH($A20,日常水質!$J$14:$N$14,0)),INDEX(日常水質!$J$64:$N$64,MATCH($A20,日常水質!$J$60:$N$60,0))),INDEX(日常水質!$J$110:$N$110,MATCH($A20,日常水質!$J$106:$N$106,0))),INDEX(日常水質!$J$156:$N$156,MATCH($A20,日常水質!$J$152:$N$152,0))),INDEX(日常水質!$J$202:$N$202,MATCH($A20,日常水質!$J$198:$N$198,0))),"") | G20: =IFERROR(IFERROR(IFERROR(IFERROR(IFERROR(INDEX(日常水質!$J$27:$N$27,MATCH($A20,日常水質!$J$14:$N$14,0)),INDEX(日常水質!$J$73:$N$73,MATCH($A20,日常水質!$J$60:$N$60,0))),INDEX(日常水質!$J$119:$N$119,MATCH($A20,日常水質!$J$106:$N$106,0))),INDEX(日常水質!$J$165:$N$165,MATCH($A20,日常水質!$J$152:$N$152,0))),INDEX(日常水質!$J$211:$N$211,MATCH($A20,日常水質!$J$198:$N$198,0))),"") | H20: =IFERROR(IFERROR(IFERROR(IFERROR(IFERROR(INDEX(日常水質!$J$28:$N$28,MATCH($A20,日常水質!$J$14:$N$14,0)),INDEX(日常水質!$J$74:$N$74,MATCH($A20,日常水質!$J$60:$N$60,0))),INDEX(日常水質!$J$120:$N$120,MATCH($A20,日常水質!$J$106:$N$106,0))),INDEX(日常水質!$J$166:$N$166,MATCH($A20,日常水質!$J$152:$N$152,0))),INDEX(日常水質!$J$212:$N$212,MATCH($A20,日常水質!$J$198:$N$198,0))),"") | J20: =IFERROR(IFERROR(IFERROR(IFERROR(IFERROR(INDEX(日常水質!$J$29:$N$29,MATCH($A20,日常水質!$J$14:$N$14,0)),INDEX(日常水質!$J$75:$N$75,MATCH($A20,日常水質!$J$60:$N$60,0))),INDEX(日常水質!$J$121:$N$121,MATCH($A20,日常水質!$J$106:$N$106,0))),INDEX(日常水質!$J$167:$N$167,MATCH($A20,日常水質!$J$152:$N$152,0))),INDEX(日常水質!$J$213:$N$213,MATCH($A20,日常水質!$J$198:$N$198,0))),"") | K20: =IFERROR(IFERROR(IFERROR(IFERROR(IFERROR(INDEX(日常水質!$J$22:$N$22,MATCH($A20,日常水質!$J$14:$N$14,0)),INDEX(日常水質!$J$68:$N$68,MATCH($A20,日常水質!$J$60:$N$60,0))),INDEX(日常水質!$J$114:$N$114,MATCH($A20,日常水質!$J$106:$N$106,0))),INDEX(日常水質!$J$160:$N$160,MATCH($A20,日常水質!$J$152:$N$152,0))),INDEX(日常水質!$J$206:$N$206,MATCH($A20,日常水質!$J$198:$N$198,0))),"") | M20: =IFERROR(IFERROR(IFERROR(IFERROR(IFERROR(INDEX(日常水質!$J$23:$N$23,MATCH($A20,日常水質!$J$14:$N$14,0)),INDEX(日常水質!$J$69:$N$69,MATCH($A20,日常水質!$J$60:$N$60,0))),INDEX(日常水質!$J$115:$N$115,MATCH($A20,日常水質!$J$106:$N$106,0))),INDEX(日常水質!$J$161:$N$161,MATCH($A20,日常水質!$J$152:$N$152,0))),INDEX(日常水質!$J$207:$N$207,MATCH($A20,日常水質!$J$198:$N$198,0))),"") | O20: =IFERROR(IFERROR(IFERROR(IFERROR(IFERROR(INDEX(日常水質!$J$34:$N$34,MATCH($A20,日常水質!$J$14:$N$14,0)),INDEX(日常水質!$J$80:$N$80,MATCH($A20,日常水質!$J$60:$N$60,0))),INDEX(日常水質!$J$126:$N$126,MATCH($A20,日常水質!$J$106:$N$106,0))),INDEX(日常水質!$J$172:$N$172,MATCH($A20,日常水質!$J$152:$N$152,0))),INDEX(日常水質!$J$218:$N$218,MATCH($A20,日常水質!$J$198:$N$198,0))),"") | P20: =IFERROR(IFERROR(IFERROR(IFERROR(IFERROR(INDEX(日常水質!$J$32:$N$32,MATCH($A20,日常水質!$J$14:$N$14,0)),INDEX(日常水質!$J$78:$N$78,MATCH($A20,日常水質!$J$60:$N$60,0))),INDEX(日常水質!$J$124:$N$124,MATCH($A20,日常水質!$J$106:$N$106,0))),INDEX(日常水質!$J$170:$N$170,MATCH($A20,日常水質!$J$152:$N$152,0))),INDEX(日常水質!$J$216:$N$216,MATCH($A20,日常水質!$J$198:$N$198,0))),"") | Q20: =IFERROR(IFERROR(IFERROR(IFERROR(IFERROR(INDEX(日常水質!$J$36:$N$36,MATCH($A20,日常水質!$J$14:$N$14,0)),INDEX(日常水質!$J$82:$N$82,MATCH($A20,日常水質!$J$60:$N$60,0))),INDEX(日常水質!$J$128:$N$128,MATCH($A20,日常水質!$J$106:$N$106,0))),INDEX(日常水質!$J$174:$N$174,MATCH($A20,日常水質!$J$152:$N$152,0))),INDEX(日常水質!$J$220:$N$220,MATCH($A20,日常水質!$J$198:$N$198,0))),"")
... A38: =IF(ISNUMBER(A37),IF(MONTH(A37+1)=MONTH($A$8),A37+1,""),"") | B38: =IF(ISNUMBER(A38),A38,"") | C38: =IFERROR(IFERROR(IFERROR(IFERROR(IFERROR(INDEX(日常水質!$J$16:$N$16,MATCH($A38,日常水質!$J$14:$N$14,0)),INDEX(日常水質!$J$62:$N$62,MATCH($A38,日常水質!$J$60:$N$60,0))),INDEX(日常水質!$J$108:$N$108,MATCH($A38,日常水質!$J$106:$N$106,0))),INDEX(日常水質!$J$154:$N$154,MATCH($A38,日常水質!$J$152:$N$152,0))),INDEX(日常水質!$J$200:$N$200,MATCH($A38,日常水質!$J$198:$N$198,0))),"") | D38: =IFERROR(IFERROR(IFERROR(IFERROR(IFERROR(INDEX(日常水質!$J$17:$N$17,MATCH($A38,日常水質!$J$14:$N$14,0)),INDEX(日常水質!$J$63:$N$63,MATCH($A38,日常水質!$J$60:$N$60,0))),INDEX(日常水質!$J$109:$N$109,MATCH($A38,日常水質!$J$106:$N$106,0))),INDEX(日常水質!$J$155:$N$155,MATCH($A38,日常水質!$J$152:$N$152,0))),INDEX(日常水質!$J$201:$N$201,MATCH($A38,日常水質!$J$198:$N$198,0))),"") | F38: =IFERROR(IFERROR(IFERROR(IFERROR(IFERROR(INDEX(日常水質!$J$18:$N$18,MATCH($A38,日常水質!$J$14:$N$14,0)),INDEX(日常水質!$J$64:$N$64,MATCH($A38,日常水質!$J$60:$N$60,0))),INDEX(日常水質!$J$110:$N$110,MATCH($A38,日常水質!$J$106:$N$106,0))),INDEX(日常水質!$J$156:$N$156,MATCH($A38,日常水質!$J$152:$N$152,0))),INDEX(日常水質!$J$202:$N$202,MATCH($A38,日常水質!$J$198:$N$198,0))),"") | G38: =IFERROR(IFERROR(IFERROR(IFERROR(IFERROR(INDEX(日常水質!$J$27:$N$27,MATCH($A38,日常水質!$J$14:$N$14,0)),INDEX(日常水質!$J$73:$N$73,MATCH($A38,日常水質!$J$60:$N$60,0))),INDEX(日常水質!$J$119:$N$119,MATCH($A38,日常水質!$J$106:$N$106,0))),INDEX(日常水質!$J$165:$N$165,MATCH($A38,日常水質!$J$152:$N$152,0))),INDEX(日常水質!$J$211:$N$211,MATCH($A38,日常水質!$J$198:$N$198,0))),"") | H38: =IFERROR(IFERROR(IFERROR(IFERROR(IFERROR(INDEX(日常水質!$J$28:$N$28,MATCH($A38,日常水質!$J$14:$N$14,0)),INDEX(日常水質!$J$74:$N$74,MATCH($A38,日常水質!$J$60:$N$60,0))),INDEX(日常水質!$J$120:$N$120,MATCH($A38,日常水質!$J$106:$N$106,0))),INDEX(日常水質!$J$166:$N$166,MATCH($A38,日常水質!$J$152:$N$152,0))),INDEX(日常水質!$J$212:$N$212,MATCH($A38,日常水質!$J$198:$N$198,0))),"") | J38: =IFERROR(IFERROR(IFERROR(IFERROR(IFERROR(INDEX(日常水質!$J$29:$N$29,MATCH($A38,日常水質!$J$14:$N$14,0)),INDEX(日常水質!$J$75:$N$75,MATCH($A38,日常水質!$J$60:$N$60,0))),INDEX(日常水質!$J$121:$N$121,MATCH($A38,日常水質!$J$106:$N$106,0))),INDEX(日常水質!$J$167:$N$167,MATCH($A38,日常水質!$J$152:$N$152,0))),INDEX(日常水質!$J$213:$N$213,MATCH($A38,日常水質!$J$198:$N$198,0))),"") | K38: =IFERROR(IFERROR(IFERROR(IFERROR(IFERROR(INDEX(日常水質!$J$22:$N$22,MATCH($A38,日常水質!$J$14:$N$14,0)),INDEX(日常水質!$J$68:$N$68,MATCH($A38,日常水質!$J$60:$N$60,0))),INDEX(日常水質!$J$114:$N$114,MATCH($A38,日常水質!$J$106:$N$106,0))),INDEX(日常水質!$J$160:$N$160,MATCH($A38,日常水質!$J$152:$N$152,0))),INDEX(日常水質!$J$206:$N$206,MATCH($A38,日常水質!$J$198:$N$198,0))),"") | M38: =IFERROR(IFERROR(IFERROR(IFERROR(IFERROR(INDEX(日常水質!$J$23:$N$23,MATCH($A38,日常水質!$J$14:$N$14,0)),INDEX(日常水質!$J$69:$N$69,MATCH($A38,日常水質!$J$60:$N$60,0))),INDEX(日常水質!$J$115:$N$115,MATCH($A38,日常水質!$J$106:$N$106,0))),INDEX(日常水質!$J$161:$N$161,MATCH($A38,日常水質!$J$152:$N$152,0))),INDEX(日常水質!$J$207:$N$207,MATCH($A38,日常水質!$J$198:$N$198,0))),"") | O38: =IFERROR(IFERROR(IFERROR(IFERROR(IFERROR(INDEX(日常水質!$J$34:$N$34,MATCH($A38,日常水質!$J$14:$N$14,0)),INDEX(日常水質!$J$80:$N$80,MATCH($A38,日常水質!$J$60:$N$60,0))),INDEX(日常水質!$J$126:$N$126,MATCH($A38,日常水質!$J$106:$N$106,0))),INDEX(日常水質!$J$172:$N$172,MATCH($A38,日常水質!$J$152:$N$152,0))),INDEX(日常水質!$J$218:$N$218,MATCH($A38,日常水質!$J$198:$N$198,0))),"") | P38: =IFERROR(IFERROR(IFERROR(IFERROR(IFERROR(INDEX(日常水質!$J$32:$N$32,MATCH($A38,日常水質!$J$14:$N$14,0)),INDEX(日常水質!$J$78:$N$78,MATCH($A38,日常水質!$J$60:$N$60,0))),INDEX(日常水質!$J$124:$N$124,MATCH($A38,日常水質!$J$106:$N$106,0))),INDEX(日常水質!$J$170:$N$170,MATCH($A38,日常水質!$J$152:$N$152,0))),INDEX(日常水質!$J$216:$N$216,MATCH($A38,日常水質!$J$198:$N$198,0))),"") | Q38: =IFERROR(IFERROR(IFERROR(IFERROR(IFERROR(INDEX(日常水質!$J$36:$N$36,MATCH($A38,日常水質!$J$14:$N$14,0)),INDEX(日常水質!$J$82:$N$82,MATCH($A38,日常水質!$J$60:$N$60,0))),INDEX(日常水質!$J$128:$N$128,MATCH($A38,日常水質!$J$106:$N$106,0))),INDEX(日常水質!$J$174:$N$174,MATCH($A38,日常水質!$J$152:$N$152,0))),INDEX(日常水質!$J$220:$N$220,MATCH($A38,日常水質!$J$198:$N$198,0))),"")
A39: 最大 | C39: =IFERROR(MAX(C8:C38),"") | D39: =IFERROR(MAX(D8:D38),"") | E39: =IFERROR(MAX(E8:E38),"") | F39: =IFERROR(MAX(F8:F38),"") | G39: =IFERROR(MAX(G8:G38),"") | H39: =IFERROR(MAX(H8:H38),"") | I39: =IFERROR(MAX(I8:I38),"") | J39: =IFERROR(MAX(J8:J38),"") | ... Q39: =IFERROR(MAX(Q8:Q38),"")
A40: 平均 | C40: =IFERROR(AVERAGE(C8:C38),"") | D40: =IFERROR(AVERAGE(D8:D38),"") | E40: =IFERROR(AVERAGE(E8:E38),"") | F40: =IFERROR(AVERAGE(F8:F38),"") | G40: =IFERROR(AVERAGE(G8:G38),"") | H40: =IFERROR(AVERAGE(H8:H38),"") | I40: =IFERROR(AVERAGE(I8:I38),"") | J40: =IFERROR(AVERAGE(J8:J38),"") | ... Q40: =IFERROR(AVERAGE(Q8:Q38),"")
A41: 最小 | C41: =IFERROR(MIN(C8:C38),"") | D41: =IFERROR(MIN(D8:D38),"") | E41: =IFERROR(MIN(E8:E38),"") | F41: =IFERROR(MIN(F8:F38),"") | G41: =IFERROR(MIN(G8:G38),"") | H41: =IFERROR(MIN(H8:H38),"") | I41: =IFERROR(MIN(I8:I38),"") | J41: =IFERROR(MIN(J8:J38),"") | ... Q41: =IFERROR(MIN(Q8:Q38),"")
A42: 加計浄化センター水質管理月報（２/２） | O42: =O1
A44: 日付 | B44: 曜日 | C44: 外観 | G44: 臭気
C45: （５回/週） | G45: （５回/週）
C46: ― | G46: ―
C47: 流入 | D47: No．１ | E47: No．１ | F47: 放流水 | G47: 流入 | H47: No．１ | I47: No．１ | J47: 放流水
D48: ディッチ | E48: 終沈 | H48: ディッチ | I48: 終沈
A49: =IF(ISNUMBER($A$8),$A$8,"") | B49: =IF(ISNUMBER(A49),A49,"") | C49: =IFERROR(IFERROR(IFERROR(IFERROR(IFERROR(INDEX(日常水質!$J$19:$N$19,MATCH($A49,日常水質!$J$14:$N$14,0)),INDEX(日常水質!$J$65:$N$65,MATCH($A49,日常水質!$J$60:$N$60,0))),INDEX(日常水質!$J$111:$N$111,MATCH($A49,日常水質!$J$106:$N$106,0))),INDEX(日常水質!$J$157:$N$157,MATCH($A49,日常水質!$J$152:$N$152,0))),INDEX(日常水質!$J$203:$N$203,MATCH($A49,日常水質!$J$198:$N$198,0))),"") | D49: =IFERROR(IFERROR(IFERROR(IFERROR(IFERROR(INDEX(日常水質!$J$20:$N$20,MATCH($A49,日常水質!$J$14:$N$14,0)),INDEX(日常水質!$J$66:$N$66,MATCH($A49,日常水質!$J$60:$N$60,0))),INDEX(日常水質!$J$112:$N$112,MATCH($A49,日常水質!$J$106:$N$106,0))),INDEX(日常水質!$J$158:$N$158,MATCH($A49,日常水質!$J$152:$N$152,0))),INDEX(日常水質!$J$204:$N$204,MATCH($A49,日常水質!$J$198:$N$198,0))),"") | F49: =IFERROR(IFERROR(IFERROR(IFERROR(IFERROR(INDEX(日常水質!$J$21:$N$21,MATCH($A49,日常水質!$J$14:$N$14,0)),INDEX(日常水質!$J$67:$N$67,MATCH($A49,日常水質!$J$60:$N$60,0))),INDEX(日常水質!$J$113:$N$113,MATCH($A49,日常水質!$J$106:$N$106,0))),INDEX(日常水質!$J$159:$N$159,MATCH($A49,日常水質!$J$152:$N$152,0))),INDEX(日常水質!$J$205:$N$205,MATCH($A49,日常水質!$J$198:$N$198,0))),"") | G49: =IFERROR(IFERROR(IFERROR(IFERROR(IFERROR(INDEX(日常水質!$J$24:$N$24,MATCH($A49,日常水質!$J$14:$N$14,0)),INDEX(日常水質!$J$70:$N$70,MATCH($A49,日常水質!$J$60:$N$60,0))),INDEX(日常水質!$J$116:$N$116,MATCH($A49,日常水質!$J$106:$N$106,0))),INDEX(日常水質!$J$162:$N$162,MATCH($A49,日常水質!$J$152:$N$152,0))),INDEX(日常水質!$J$208:$N$208,MATCH($A49,日常水質!$J$198:$N$198,0))),"") | H49: =IFERROR(IFERROR(IFERROR(IFERROR(IFERROR(INDEX(日常水質!$J$25:$N$25,MATCH($A49,日常水質!$J$14:$N$14,0)),INDEX(日常水質!$J$71:$N$71,MATCH($A49,日常水質!$J$60:$N$60,0))),INDEX(日常水質!$J$117:$N$117,MATCH($A49,日常水質!$J$106:$N$106,0))),INDEX(日常水質!$J$163:$N$163,MATCH($A49,日常水質!$J$152:$N$152,0))),INDEX(日常水質!$J$209:$N$209,MATCH($A49,日常水質!$J$198:$N$198,0))),"") | J49: =IFERROR(IFERROR(IFERROR(IFERROR(IFERROR(INDEX(日常水質!$J$26:$N$26,MATCH($A49,日常水質!$J$14:$N$14,0)),INDEX(日常水質!$J$72:$N$72,MATCH($A49,日常水質!$J$60:$N$60,0))),INDEX(日常水質!$J$118:$N$118,MATCH($A49,日常水質!$J$106:$N$106,0))),INDEX(日常水質!$J$164:$N$164,MATCH($A49,日常水質!$J$152:$N$152,0))),INDEX(日常水質!$J$210:$N$210,MATCH($A49,日常水質!$J$198:$N$198,0))),"")
A50: =IF(ISNUMBER(A49),IF(MONTH(A49+1)=MONTH($A$8),A49+1,""),"") | B50: =IF(ISNUMBER(A50),A50,"") | C50: =IFERROR(IFERROR(IFERROR(IFERROR(IFERROR(INDEX(日常水質!$J$19:$N$19,MATCH($A50,日常水質!$J$14:$N$14,0)),INDEX(日常水質!$J$65:$N$65,MATCH($A50,日常水質!$J$60:$N$60,0))),INDEX(日常水質!$J$111:$N$111,MATCH($A50,日常水質!$J$106:$N$106,0))),INDEX(日常水質!$J$157:$N$157,MATCH($A50,日常水質!$J$152:$N$152,0))),INDEX(日常水質!$J$203:$N$203,MATCH($A50,日常水質!$J$198:$N$198,0))),"") | D50: =IFERROR(IFERROR(IFERROR(IFERROR(IFERROR(INDEX(日常水質!$J$20:$N$20,MATCH($A50,日常水質!$J$14:$N$14,0)),INDEX(日常水質!$J$66:$N$66,MATCH($A50,日常水質!$J$60:$N$60,0))),INDEX(日常水質!$J$112:$N$112,MATCH($A50,日常水質!$J$106:$N$106,0))),INDEX(日常水質!$J$158:$N$158,MATCH($A50,日常水質!$J$152:$N$152,0))),INDEX(日常水質!$J$204:$N$204,MATCH($A50,日常水質!$J$198:$N$198,0))),"") | F50: =IFERROR(IFERROR(IFERROR(IFERROR(IFERROR(INDEX(日常水質!$J$21:$N$21,MATCH($A50,日常水質!$J$14:$N$14,0)),INDEX(日常水質!$J$67:$N$67,MATCH($A50,日常水質!$J$60:$N$60,0))),INDEX(日常水質!$J$113:$N$113,MATCH($A50,日常水質!$J$106:$N$106,0))),INDEX(日常水質!$J$159:$N$159,MATCH($A50,日常水質!$J$152:$N$152,0))),INDEX(日常水質!$J$205:$N$205,MATCH($A50,日常水質!$J$198:$N$198,0))),"") | G50: =IFERROR(IFERROR(IFERROR(IFERROR(IFERROR(INDEX(日常水質!$J$24:$N$24,MATCH($A50,日常水質!$J$14:$N$14,0)),INDEX(日常水質!$J$70:$N$70,MATCH($A50,日常水質!$J$60:$N$60,0))),INDEX(日常水質!$J$116:$N$116,MATCH($A50,日常水質!$J$106:$N$106,0))),INDEX(日常水質!$J$162:$N$162,MATCH($A50,日常水質!$J$152:$N$152,0))),INDEX(日常水質!$J$208:$N$208,MATCH($A50,日常水質!$J$198:$N$198,0))),"") | H50: =IFERROR(IFERROR(IFERROR(IFERROR(IFERROR(INDEX(日常水質!$J$25:$N$25,MATCH($A50,日常水質!$J$14:$N$14,0)),INDEX(日常水質!$J$71:$N$71,MATCH($A50,日常水質!$J$60:$N$60,0))),INDEX(日常水質!$J$117:$N$117,MATCH($A50,日常水質!$J$106:$N$106,0))),INDEX(日常水質!$J$163:$N$163,MATCH($A50,日常水質!$J$152:$N$152,0))),INDEX(日常水質!$J$209:$N$209,MATCH($A50,日常水質!$J$198:$N$198,0))),"") | J50: =IFERROR(IFERROR(IFERROR(IFERROR(IFERROR(INDEX(日常水質!$J$26:$N$26,MATCH($A50,日常水質!$J$14:$N$14,0)),INDEX(日常水質!$J$72:$N$72,MATCH($A50,日常水質!$J$60:$N$60,0))),INDEX(日常水質!$J$118:$N$118,MATCH($A50,日常水質!$J$106:$N$106,0))),INDEX(日常水質!$J$164:$N$164,MATCH($A50,日常水質!$J$152:$N$152,0))),INDEX(日常水質!$J$210:$N$210,MATCH($A50,日常水質!$J$198:$N$198,0))),"")
A51: =IF(ISNUMBER(A50),IF(MONTH(A50+1)=MONTH($A$8),A50+1,""),"") | B51: =IF(ISNUMBER(A51),A51,"") | C51: =IFERROR(IFERROR(IFERROR(IFERROR(IFERROR(INDEX(日常水質!$J$19:$N$19,MATCH($A51,日常水質!$J$14:$N$14,0)),INDEX(日常水質!$J$65:$N$65,MATCH($A51,日常水質!$J$60:$N$60,0))),INDEX(日常水質!$J$111:$N$111,MATCH($A51,日常水質!$J$106:$N$106,0))),INDEX(日常水質!$J$157:$N$157,MATCH($A51,日常水質!$J$152:$N$152,0))),INDEX(日常水質!$J$203:$N$203,MATCH($A51,日常水質!$J$198:$N$198,0))),"") | D51: =IFERROR(IFERROR(IFERROR(IFERROR(IFERROR(INDEX(日常水質!$J$20:$N$20,MATCH($A51,日常水質!$J$14:$N$14,0)),INDEX(日常水質!$J$66:$N$66,MATCH($A51,日常水質!$J$60:$N$60,0))),INDEX(日常水質!$J$112:$N$112,MATCH($A51,日常水質!$J$106:$N$106,0))),INDEX(日常水質!$J$158:$N$158,MATCH($A51,日常水質!$J$152:$N$152,0))),INDEX(日常水質!$J$204:$N$204,MATCH($A51,日常水質!$J$198:$N$198,0))),"") | F51: =IFERROR(IFERROR(IFERROR(IFERROR(IFERROR(INDEX(日常水質!$J$21:$N$21,MATCH($A51,日常水質!$J$14:$N$14,0)),INDEX(日常水質!$J$67:$N$67,MATCH($A51,日常水質!$J$60:$N$60,0))),INDEX(日常水質!$J$113:$N$113,MATCH($A51,日常水質!$J$106:$N$106,0))),INDEX(日常水質!$J$159:$N$159,MATCH($A51,日常水質!$J$152:$N$152,0))),INDEX(日常水質!$J$205:$N$205,MATCH($A51,日常水質!$J$198:$N$198,0))),"") | G51: =IFERROR(IFERROR(IFERROR(IFERROR(IFERROR(INDEX(日常水質!$J$24:$N$24,MATCH($A51,日常水質!$J$14:$N$14,0)),INDEX(日常水質!$J$70:$N$70,MATCH($A51,日常水質!$J$60:$N$60,0))),INDEX(日常水質!$J$116:$N$116,MATCH($A51,日常水質!$J$106:$N$106,0))),INDEX(日常水質!$J$162:$N$162,MATCH($A51,日常水質!$J$152:$N$152,0))),INDEX(日常水質!$J$208:$N$208,MATCH($A51,日常水質!$J$198:$N$198,0))),"") | H51: =IFERROR(IFERROR(IFERROR(IFERROR(IFERROR(INDEX(日常水質!$J$25:$N$25,MATCH($A51,日常水質!$J$14:$N$14,0)),INDEX(日常水質!$J$71:$N$71,MATCH($A51,日常水質!$J$60:$N$60,0))),INDEX(日常水質!$J$117:$N$117,MATCH($A51,日常水質!$J$106:$N$106,0))),INDEX(日常水質!$J$163:$N$163,MATCH($A51,日常水質!$J$152:$N$152,0))),INDEX(日常水質!$J$209:$N$209,MATCH($A51,日常水質!$J$198:$N$198,0))),"") | J51: =IFERROR(IFERROR(IFERROR(IFERROR(IFERROR(INDEX(日常水質!$J$26:$N$26,MATCH($A51,日常水質!$J$14:$N$14,0)),INDEX(日常水質!$J$72:$N$72,MATCH($A51,日常水質!$J$60:$N$60,0))),INDEX(日常水質!$J$118:$N$118,MATCH($A51,日常水質!$J$106:$N$106,0))),INDEX(日常水質!$J$164:$N$164,MATCH($A51,日常水質!$J$152:$N$152,0))),INDEX(日常水質!$J$210:$N$210,MATCH($A51,日常水質!$J$198:$N$198,0))),"")
A52: =IF(ISNUMBER(A51),IF(MONTH(A51+1)=MONTH($A$8),A51+1,""),"") | B52: =IF(ISNUMBER(A52),A52,"") | C52: =IFERROR(IFERROR(IFERROR(IFERROR(IFERROR(INDEX(日常水質!$J$19:$N$19,MATCH($A52,日常水質!$J$14:$N$14,0)),INDEX(日常水質!$J$65:$N$65,MATCH($A52,日常水質!$J$60:$N$60,0))),INDEX(日常水質!$J$111:$N$111,MATCH($A52,日常水質!$J$106:$N$106,0))),INDEX(日常水質!$J$157:$N$157,MATCH($A52,日常水質!$J$152:$N$152,0))),INDEX(日常水質!$J$203:$N$203,MATCH($A52,日常水質!$J$198:$N$198,0))),"") | D52: =IFERROR(IFERROR(IFERROR(IFERROR(IFERROR(INDEX(日常水質!$J$20:$N$20,MATCH($A52,日常水質!$J$14:$N$14,0)),INDEX(日常水質!$J$66:$N$66,MATCH($A52,日常水質!$J$60:$N$60,0))),INDEX(日常水質!$J$112:$N$112,MATCH($A52,日常水質!$J$106:$N$106,0))),INDEX(日常水質!$J$158:$N$158,MATCH($A52,日常水質!$J$152:$N$152,0))),INDEX(日常水質!$J$204:$N$204,MATCH($A52,日常水質!$J$198:$N$198,0))),"") | F52: =IFERROR(IFERROR(IFERROR(IFERROR(IFERROR(INDEX(日常水質!$J$21:$N$21,MATCH($A52,日常水質!$J$14:$N$14,0)),INDEX(日常水質!$J$67:$N$67,MATCH($A52,日常水質!$J$60:$N$60,0))),INDEX(日常水質!$J$113:$N$113,MATCH($A52,日常水質!$J$106:$N$106,0))),INDEX(日常水質!$J$159:$N$159,MATCH($A52,日常水質!$J$152:$N$152,0))),INDEX(日常水質!$J$205:$N$205,MATCH($A52,日常水質!$J$198:$N$198,0))),"") | G52: =IFERROR(IFERROR(IFERROR(IFERROR(IFERROR(INDEX(日常水質!$J$24:$N$24,MATCH($A52,日常水質!$J$14:$N$14,0)),INDEX(日常水質!$J$70:$N$70,MATCH($A52,日常水質!$J$60:$N$60,0))),INDEX(日常水質!$J$116:$N$116,MATCH($A52,日常水質!$J$106:$N$106,0))),INDEX(日常水質!$J$162:$N$162,MATCH($A52,日常水質!$J$152:$N$152,0))),INDEX(日常水質!$J$208:$N$208,MATCH($A52,日常水質!$J$198:$N$198,0))),"") | H52: =IFERROR(IFERROR(IFERROR(IFERROR(IFERROR(INDEX(日常水質!$J$25:$N$25,MATCH($A52,日常水質!$J$14:$N$14,0)),INDEX(日常水質!$J$71:$N$71,MATCH($A52,日常水質!$J$60:$N$60,0))),INDEX(日常水質!$J$117:$N$117,MATCH($A52,日常水質!$J$106:$N$106,0))),INDEX(日常水質!$J$163:$N$163,MATCH($A52,日常水質!$J$152:$N$152,0))),INDEX(日常水質!$J$209:$N$209,MATCH($A52,日常水質!$J$198:$N$198,0))),"") | J52: =IFERROR(IFERROR(IFERROR(IFERROR(IFERROR(INDEX(日常水質!$J$26:$N$26,MATCH($A52,日常水質!$J$14:$N$14,0)),INDEX(日常水質!$J$72:$N$72,MATCH($A52,日常水質!$J$60:$N$60,0))),INDEX(日常水質!$J$118:$N$118,MATCH($A52,日常水質!$J$106:$N$106,0))),INDEX(日常水質!$J$164:$N$164,MATCH($A52,日常水質!$J$152:$N$152,0))),INDEX(日常水質!$J$210:$N$210,MATCH($A52,日常水質!$J$198:$N$198,0))),"")
A53: =IF(ISNUMBER(A52),IF(MONTH(A52+1)=MONTH($A$8),A52+1,""),"") | B53: =IF(ISNUMBER(A53),A53,"") | C53: =IFERROR(IFERROR(IFERROR(IFERROR(IFERROR(INDEX(日常水質!$J$19:$N$19,MATCH($A53,日常水質!$J$14:$N$14,0)),INDEX(日常水質!$J$65:$N$65,MATCH($A53,日常水質!$J$60:$N$60,0))),INDEX(日常水質!$J$111:$N$111,MATCH($A53,日常水質!$J$106:$N$106,0))),INDEX(日常水質!$J$157:$N$157,MATCH($A53,日常水質!$J$152:$N$152,0))),INDEX(日常水質!$J$203:$N$203,MATCH($A53,日常水質!$J$198:$N$198,0))),"") | D53: =IFERROR(IFERROR(IFERROR(IFERROR(IFERROR(INDEX(日常水質!$J$20:$N$20,MATCH($A53,日常水質!$J$14:$N$14,0)),INDEX(日常水質!$J$66:$N$66,MATCH($A53,日常水質!$J$60:$N$60,0))),INDEX(日常水質!$J$112:$N$112,MATCH($A53,日常水質!$J$106:$N$106,0))),INDEX(日常水質!$J$158:$N$158,MATCH($A53,日常水質!$J$152:$N$152,0))),INDEX(日常水質!$J$204:$N$204,MATCH($A53,日常水質!$J$198:$N$198,0))),"") | F53: =IFERROR(IFERROR(IFERROR(IFERROR(IFERROR(INDEX(日常水質!$J$21:$N$21,MATCH($A53,日常水質!$J$14:$N$14,0)),INDEX(日常水質!$J$67:$N$67,MATCH($A53,日常水質!$J$60:$N$60,0))),INDEX(日常水質!$J$113:$N$113,MATCH($A53,日常水質!$J$106:$N$106,0))),INDEX(日常水質!$J$159:$N$159,MATCH($A53,日常水質!$J$152:$N$152,0))),INDEX(日常水質!$J$205:$N$205,MATCH($A53,日常水質!$J$198:$N$198,0))),"") | G53: =IFERROR(IFERROR(IFERROR(IFERROR(IFERROR(INDEX(日常水質!$J$24:$N$24,MATCH($A53,日常水質!$J$14:$N$14,0)),INDEX(日常水質!$J$70:$N$70,MATCH($A53,日常水質!$J$60:$N$60,0))),INDEX(日常水質!$J$116:$N$116,MATCH($A53,日常水質!$J$106:$N$106,0))),INDEX(日常水質!$J$162:$N$162,MATCH($A53,日常水質!$J$152:$N$152,0))),INDEX(日常水質!$J$208:$N$208,MATCH($A53,日常水質!$J$198:$N$198,0))),"") | H53: =IFERROR(IFERROR(IFERROR(IFERROR(IFERROR(INDEX(日常水質!$J$25:$N$25,MATCH($A53,日常水質!$J$14:$N$14,0)),INDEX(日常水質!$J$71:$N$71,MATCH($A53,日常水質!$J$60:$N$60,0))),INDEX(日常水質!$J$117:$N$117,MATCH($A53,日常水質!$J$106:$N$106,0))),INDEX(日常水質!$J$163:$N$163,MATCH($A53,日常水質!$J$152:$N$152,0))),INDEX(日常水質!$J$209:$N$209,MATCH($A53,日常水質!$J$198:$N$198,0))),"") | J53: =IFERROR(IFERROR(IFERROR(IFERROR(IFERROR(INDEX(日常水質!$J$26:$N$26,MATCH($A53,日常水質!$J$14:$N$14,0)),INDEX(日常水質!$J$72:$N$72,MATCH($A53,日常水質!$J$60:$N$60,0))),INDEX(日常水質!$J$118:$N$118,MATCH($A53,日常水質!$J$106:$N$106,0))),INDEX(日常水質!$J$164:$N$164,MATCH($A53,日常水質!$J$152:$N$152,0))),INDEX(日常水質!$J$210:$N$210,MATCH($A53,日常水質!$J$198:$N$198,0))),"")
A54: =IF(ISNUMBER(A53),IF(MONTH(A53+1)=MONTH($A$8),A53+1,""),"") | B54: =IF(ISNUMBER(A54),A54,"") | C54: =IFERROR(IFERROR(IFERROR(IFERROR(IFERROR(INDEX(日常水質!$J$19:$N$19,MATCH($A54,日常水質!$J$14:$N$14,0)),INDEX(日常水質!$J$65:$N$65,MATCH($A54,日常水質!$J$60:$N$60,0))),INDEX(日常水質!$J$111:$N$111,MATCH($A54,日常水質!$J$106:$N$106,0))),INDEX(日常水質!$J$157:$N$157,MATCH($A54,日常水質!$J$152:$N$152,0))),INDEX(日常水質!$J$203:$N$203,MATCH($A54,日常水質!$J$198:$N$198,0))),"") | D54: =IFERROR(IFERROR(IFERROR(IFERROR(IFERROR(INDEX(日常水質!$J$20:$N$20,MATCH($A54,日常水質!$J$14:$N$14,0)),INDEX(日常水質!$J$66:$N$66,MATCH($A54,日常水質!$J$60:$N$60,0))),INDEX(日常水質!$J$112:$N$112,MATCH($A54,日常水質!$J$106:$N$106,0))),INDEX(日常水質!$J$158:$N$158,MATCH($A54,日常水質!$J$152:$N$152,0))),INDEX(日常水質!$J$204:$N$204,MATCH($A54,日常水質!$J$198:$N$198,0))),"") | F54: =IFERROR(IFERROR(IFERROR(IFERROR(IFERROR(INDEX(日常水質!$J$21:$N$21,MATCH($A54,日常水質!$J$14:$N$14,0)),INDEX(日常水質!$J$67:$N$67,MATCH($A54,日常水質!$J$60:$N$60,0))),INDEX(日常水質!$J$113:$N$113,MATCH($A54,日常水質!$J$106:$N$106,0))),INDEX(日常水質!$J$159:$N$159,MATCH($A54,日常水質!$J$152:$N$152,0))),INDEX(日常水質!$J$205:$N$205,MATCH($A54,日常水質!$J$198:$N$198,0))),"") | G54: =IFERROR(IFERROR(IFERROR(IFERROR(IFERROR(INDEX(日常水質!$J$24:$N$24,MATCH($A54,日常水質!$J$14:$N$14,0)),INDEX(日常水質!$J$70:$N$70,MATCH($A54,日常水質!$J$60:$N$60,0))),INDEX(日常水質!$J$116:$N$116,MATCH($A54,日常水質!$J$106:$N$106,0))),INDEX(日常水質!$J$162:$N$162,MATCH($A54,日常水質!$J$152:$N$152,0))),INDEX(日常水質!$J$208:$N$208,MATCH($A54,日常水質!$J$198:$N$198,0))),"") | H54: =IFERROR(IFERROR(IFERROR(IFERROR(IFERROR(INDEX(日常水質!$J$25:$N$25,MATCH($A54,日常水質!$J$14:$N$14,0)),INDEX(日常水質!$J$71:$N$71,MATCH($A54,日常水質!$J$60:$N$60,0))),INDEX(日常水質!$J$117:$N$117,MATCH($A54,日常水質!$J$106:$N$106,0))),INDEX(日常水質!$J$163:$N$163,MATCH($A54,日常水質!$J$152:$N$152,0))),INDEX(日常水質!$J$209:$N$209,MATCH($A54,日常水質!$J$198:$N$198,0))),"") | J54: =IFERROR(IFERROR(IFERROR(IFERROR(IFERROR(INDEX(日常水質!$J$26:$N$26,MATCH($A54,日常水質!$J$14:$N$14,0)),INDEX(日常水質!$J$72:$N$72,MATCH($A54,日常水質!$J$60:$N$60,0))),INDEX(日常水質!$J$118:$N$118,MATCH($A54,日常水質!$J$106:$N$106,0))),INDEX(日常水質!$J$164:$N$164,MATCH($A54,日常水質!$J$152:$N$152,0))),INDEX(日常水質!$J$210:$N$210,MATCH($A54,日常水質!$J$198:$N$198,0))),"")
A55: =IF(ISNUMBER(A54),IF(MONTH(A54+1)=MONTH($A$8),A54+1,""),"") | B55: =IF(ISNUMBER(A55),A55,"") | C55: =IFERROR(IFERROR(IFERROR(IFERROR(IFERROR(INDEX(日常水質!$J$19:$N$19,MATCH($A55,日常水質!$J$14:$N$14,0)),INDEX(日常水質!$J$65:$N$65,MATCH($A55,日常水質!$J$60:$N$60,0))),INDEX(日常水質!$J$111:$N$111,MATCH($A55,日常水質!$J$106:$N$106,0))),INDEX(日常水質!$J$157:$N$157,MATCH($A55,日常水質!$J$152:$N$152,0))),INDEX(日常水質!$J$203:$N$203,MATCH($A55,日常水質!$J$198:$N$198,0))),"") | D55: =IFERROR(IFERROR(IFERROR(IFERROR(IFERROR(INDEX(日常水質!$J$20:$N$20,MATCH($A55,日常水質!$J$14:$N$14,0)),INDEX(日常水質!$J$66:$N$66,MATCH($A55,日常水質!$J$60:$N$60,0))),INDEX(日常水質!$J$112:$N$112,MATCH($A55,日常水質!$J$106:$N$106,0))),INDEX(日常水質!$J$158:$N$158,MATCH($A55,日常水質!$J$152:$N$152,0))),INDEX(日常水質!$J$204:$N$204,MATCH($A55,日常水質!$J$198:$N$198,0))),"") | F55: =IFERROR(IFERROR(IFERROR(IFERROR(IFERROR(INDEX(日常水質!$J$21:$N$21,MATCH($A55,日常水質!$J$14:$N$14,0)),INDEX(日常水質!$J$67:$N$67,MATCH($A55,日常水質!$J$60:$N$60,0))),INDEX(日常水質!$J$113:$N$113,MATCH($A55,日常水質!$J$106:$N$106,0))),INDEX(日常水質!$J$159:$N$159,MATCH($A55,日常水質!$J$152:$N$152,0))),INDEX(日常水質!$J$205:$N$205,MATCH($A55,日常水質!$J$198:$N$198,0))),"") | G55: =IFERROR(IFERROR(IFERROR(IFERROR(IFERROR(INDEX(日常水質!$J$24:$N$24,MATCH($A55,日常水質!$J$14:$N$14,0)),INDEX(日常水質!$J$70:$N$70,MATCH($A55,日常水質!$J$60:$N$60,0))),INDEX(日常水質!$J$116:$N$116,MATCH($A55,日常水質!$J$106:$N$106,0))),INDEX(日常水質!$J$162:$N$162,MATCH($A55,日常水質!$J$152:$N$152,0))),INDEX(日常水質!$J$208:$N$208,MATCH($A55,日常水質!$J$198:$N$198,0))),"") | H55: =IFERROR(IFERROR(IFERROR(IFERROR(IFERROR(INDEX(日常水質!$J$25:$N$25,MATCH($A55,日常水質!$J$14:$N$14,0)),INDEX(日常水質!$J$71:$N$71,MATCH($A55,日常水質!$J$60:$N$60,0))),INDEX(日常水質!$J$117:$N$117,MATCH($A55,日常水質!$J$106:$N$106,0))),INDEX(日常水質!$J$163:$N$163,MATCH($A55,日常水質!$J$152:$N$152,0))),INDEX(日常水質!$J$209:$N$209,MATCH($A55,日常水質!$J$198:$N$198,0))),"") | J55: =IFERROR(IFERROR(IFERROR(IFERROR(IFERROR(INDEX(日常水質!$J$26:$N$26,MATCH($A55,日常水質!$J$14:$N$14,0)),INDEX(日常水質!$J$72:$N$72,MATCH($A55,日常水質!$J$60:$N$60,0))),INDEX(日常水質!$J$118:$N$118,MATCH($A55,日常水質!$J$106:$N$106,0))),INDEX(日常水質!$J$164:$N$164,MATCH($A55,日常水質!$J$152:$N$152,0))),INDEX(日常水質!$J$210:$N$210,MATCH($A55,日常水質!$J$198:$N$198,0))),"")
A56: =IF(ISNUMBER(A55),IF(MONTH(A55+1)=MONTH($A$8),A55+1,""),"") | B56: =IF(ISNUMBER(A56),A56,"") | C56: =IFERROR(IFERROR(IFERROR(IFERROR(IFERROR(INDEX(日常水質!$J$19:$N$19,MATCH($A56,日常水質!$J$14:$N$14,0)),INDEX(日常水質!$J$65:$N$65,MATCH($A56,日常水質!$J$60:$N$60,0))),INDEX(日常水質!$J$111:$N$111,MATCH($A56,日常水質!$J$106:$N$106,0))),INDEX(日常水質!$J$157:$N$157,MATCH($A56,日常水質!$J$152:$N$152,0))),INDEX(日常水質!$J$203:$N$203,MATCH($A56,日常水質!$J$198:$N$198,0))),"") | D56: =IFERROR(IFERROR(IFERROR(IFERROR(IFERROR(INDEX(日常水質!$J$20:$N$20,MATCH($A56,日常水質!$J$14:$N$14,0)),INDEX(日常水質!$J$66:$N$66,MATCH($A56,日常水質!$J$60:$N$60,0))),INDEX(日常水質!$J$112:$N$112,MATCH($A56,日常水質!$J$106:$N$106,0))),INDEX(日常水質!$J$158:$N$158,MATCH($A56,日常水質!$J$152:$N$152,0))),INDEX(日常水質!$J$204:$N$204,MATCH($A56,日常水質!$J$198:$N$198,0))),"") | F56: =IFERROR(IFERROR(IFERROR(IFERROR(IFERROR(INDEX(日常水質!$J$21:$N$21,MATCH($A56,日常水質!$J$14:$N$14,0)),INDEX(日常水質!$J$67:$N$67,MATCH($A56,日常水質!$J$60:$N$60,0))),INDEX(日常水質!$J$113:$N$113,MATCH($A56,日常水質!$J$106:$N$106,0))),INDEX(日常水質!$J$159:$N$159,MATCH($A56,日常水質!$J$152:$N$152,0))),INDEX(日常水質!$J$205:$N$205,MATCH($A56,日常水質!$J$198:$N$198,0))),"") | G56: =IFERROR(IFERROR(IFERROR(IFERROR(IFERROR(INDEX(日常水質!$J$24:$N$24,MATCH($A56,日常水質!$J$14:$N$14,0)),INDEX(日常水質!$J$70:$N$70,MATCH($A56,日常水質!$J$60:$N$60,0))),INDEX(日常水質!$J$116:$N$116,MATCH($A56,日常水質!$J$106:$N$106,0))),INDEX(日常水質!$J$162:$N$162,MATCH($A56,日常水質!$J$152:$N$152,0))),INDEX(日常水質!$J$208:$N$208,MATCH($A56,日常水質!$J$198:$N$198,0))),"") | H56: =IFERROR(IFERROR(IFERROR(IFERROR(IFERROR(INDEX(日常水質!$J$25:$N$25,MATCH($A56,日常水質!$J$14:$N$14,0)),INDEX(日常水質!$J$71:$N$71,MATCH($A56,日常水質!$J$60:$N$60,0))),INDEX(日常水質!$J$117:$N$117,MATCH($A56,日常水質!$J$106:$N$106,0))),INDEX(日常水質!$J$163:$N$163,MATCH($A56,日常水質!$J$152:$N$152,0))),INDEX(日常水質!$J$209:$N$209,MATCH($A56,日常水質!$J$198:$N$198,0))),"") | J56: =IFERROR(IFERROR(IFERROR(IFERROR(IFERROR(INDEX(日常水質!$J$26:$N$26,MATCH($A56,日常水質!$J$14:$N$14,0)),INDEX(日常水質!$J$72:$N$72,MATCH($A56,日常水質!$J$60:$N$60,0))),INDEX(日常水質!$J$118:$N$118,MATCH($A56,日常水質!$J$106:$N$106,0))),INDEX(日常水質!$J$164:$N$164,MATCH($A56,日常水質!$J$152:$N$152,0))),INDEX(日常水質!$J$210:$N$210,MATCH($A56,日常水質!$J$198:$N$198,0))),"")
A57: =IF(ISNUMBER(A56),IF(MONTH(A56+1)=MONTH($A$8),A56+1,""),"") | B57: =IF(ISNUMBER(A57),A57,"") | C57: =IFERROR(IFERROR(IFERROR(IFERROR(IFERROR(INDEX(日常水質!$J$19:$N$19,MATCH($A57,日常水質!$J$14:$N$14,0)),INDEX(日常水質!$J$65:$N$65,MATCH($A57,日常水質!$J$60:$N$60,0))),INDEX(日常水質!$J$111:$N$111,MATCH($A57,日常水質!$J$106:$N$106,0))),INDEX(日常水質!$J$157:$N$157,MATCH($A57,日常水質!$J$152:$N$152,0))),INDEX(日常水質!$J$203:$N$203,MATCH($A57,日常水質!$J$198:$N$198,0))),"") | D57: =IFERROR(IFERROR(IFERROR(IFERROR(IFERROR(INDEX(日常水質!$J$20:$N$20,MATCH($A57,日常水質!$J$14:$N$14,0)),INDEX(日常水質!$J$66:$N$66,MATCH($A57,日常水質!$J$60:$N$60,0))),INDEX(日常水質!$J$112:$N$112,MATCH($A57,日常水質!$J$106:$N$106,0))),INDEX(日常水質!$J$158:$N$158,MATCH($A57,日常水質!$J$152:$N$152,0))),INDEX(日常水質!$J$204:$N$204,MATCH($A57,日常水質!$J$198:$N$198,0))),"") | F57: =IFERROR(IFERROR(IFERROR(IFERROR(IFERROR(INDEX(日常水質!$J$21:$N$21,MATCH($A57,日常水質!$J$14:$N$14,0)),INDEX(日常水質!$J$67:$N$67,MATCH($A57,日常水質!$J$60:$N$60,0))),INDEX(日常水質!$J$113:$N$113,MATCH($A57,日常水質!$J$106:$N$106,0))),INDEX(日常水質!$J$159:$N$159,MATCH($A57,日常水質!$J$152:$N$152,0))),INDEX(日常水質!$J$205:$N$205,MATCH($A57,日常水質!$J$198:$N$198,0))),"") | G57: =IFERROR(IFERROR(IFERROR(IFERROR(IFERROR(INDEX(日常水質!$J$24:$N$24,MATCH($A57,日常水質!$J$14:$N$14,0)),INDEX(日常水質!$J$70:$N$70,MATCH($A57,日常水質!$J$60:$N$60,0))),INDEX(日常水質!$J$116:$N$116,MATCH($A57,日常水質!$J$106:$N$106,0))),INDEX(日常水質!$J$162:$N$162,MATCH($A57,日常水質!$J$152:$N$152,0))),INDEX(日常水質!$J$208:$N$208,MATCH($A57,日常水質!$J$198:$N$198,0))),"") | H57: =IFERROR(IFERROR(IFERROR(IFERROR(IFERROR(INDEX(日常水質!$J$25:$N$25,MATCH($A57,日常水質!$J$14:$N$14,0)),INDEX(日常水質!$J$71:$N$71,MATCH($A57,日常水質!$J$60:$N$60,0))),INDEX(日常水質!$J$117:$N$117,MATCH($A57,日常水質!$J$106:$N$106,0))),INDEX(日常水質!$J$163:$N$163,MATCH($A57,日常水質!$J$152:$N$152,0))),INDEX(日常水質!$J$209:$N$209,MATCH($A57,日常水質!$J$198:$N$198,0))),"") | J57: =IFERROR(IFERROR(IFERROR(IFERROR(IFERROR(INDEX(日常水質!$J$26:$N$26,MATCH($A57,日常水質!$J$14:$N$14,0)),INDEX(日常水質!$J$72:$N$72,MATCH($A57,日常水質!$J$60:$N$60,0))),INDEX(日常水質!$J$118:$N$118,MATCH($A57,日常水質!$J$106:$N$106,0))),INDEX(日常水質!$J$164:$N$164,MATCH($A57,日常水質!$J$152:$N$152,0))),INDEX(日常水質!$J$210:$N$210,MATCH($A57,日常水質!$J$198:$N$198,0))),"")
A58: =IF(ISNUMBER(A57),IF(MONTH(A57+1)=MONTH($A$8),A57+1,""),"") | B58: =IF(ISNUMBER(A58),A58,"") | C58: =IFERROR(IFERROR(IFERROR(IFERROR(IFERROR(INDEX(日常水質!$J$19:$N$19,MATCH($A58,日常水質!$J$14:$N$14,0)),INDEX(日常水質!$J$65:$N$65,MATCH($A58,日常水質!$J$60:$N$60,0))),INDEX(日常水質!$J$111:$N$111,MATCH($A58,日常水質!$J$106:$N$106,0))),INDEX(日常水質!$J$157:$N$157,MATCH($A58,日常水質!$J$152:$N$152,0))),INDEX(日常水質!$J$203:$N$203,MATCH($A58,日常水質!$J$198:$N$198,0))),"") | D58: =IFERROR(IFERROR(IFERROR(IFERROR(IFERROR(INDEX(日常水質!$J$20:$N$20,MATCH($A58,日常水質!$J$14:$N$14,0)),INDEX(日常水質!$J$66:$N$66,MATCH($A58,日常水質!$J$60:$N$60,0))),INDEX(日常水質!$J$112:$N$112,MATCH($A58,日常水質!$J$106:$N$106,0))),INDEX(日常水質!$J$158:$N$158,MATCH($A58,日常水質!$J$152:$N$152,0))),INDEX(日常水質!$J$204:$N$204,MATCH($A58,日常水質!$J$198:$N$198,0))),"") | F58: =IFERROR(IFERROR(IFERROR(IFERROR(IFERROR(INDEX(日常水質!$J$21:$N$21,MATCH($A58,日常水質!$J$14:$N$14,0)),INDEX(日常水質!$J$67:$N$67,MATCH($A58,日常水質!$J$60:$N$60,0))),INDEX(日常水質!$J$113:$N$113,MATCH($A58,日常水質!$J$106:$N$106,0))),INDEX(日常水質!$J$159:$N$159,MATCH($A58,日常水質!$J$152:$N$152,0))),INDEX(日常水質!$J$205:$N$205,MATCH($A58,日常水質!$J$198:$N$198,0))),"") | G58: =IFERROR(IFERROR(IFERROR(IFERROR(IFERROR(INDEX(日常水質!$J$24:$N$24,MATCH($A58,日常水質!$J$14:$N$14,0)),INDEX(日常水質!$J$70:$N$70,MATCH($A58,日常水質!$J$60:$N$60,0))),INDEX(日常水質!$J$116:$N$116,MATCH($A58,日常水質!$J$106:$N$106,0))),INDEX(日常水質!$J$162:$N$162,MATCH($A58,日常水質!$J$152:$N$152,0))),INDEX(日常水質!$J$208:$N$208,MATCH($A58,日常水質!$J$198:$N$198,0))),"") | H58: =IFERROR(IFERROR(IFERROR(IFERROR(IFERROR(INDEX(日常水質!$J$25:$N$25,MATCH($A58,日常水質!$J$14:$N$14,0)),INDEX(日常水質!$J$71:$N$71,MATCH($A58,日常水質!$J$60:$N$60,0))),INDEX(日常水質!$J$117:$N$117,MATCH($A58,日常水質!$J$106:$N$106,0))),INDEX(日常水質!$J$163:$N$163,MATCH($A58,日常水質!$J$152:$N$152,0))),INDEX(日常水質!$J$209:$N$209,MATCH($A58,日常水質!$J$198:$N$198,0))),"") | J58: =IFERROR(IFERROR(IFERROR(IFERROR(IFERROR(INDEX(日常水質!$J$26:$N$26,MATCH($A58,日常水質!$J$14:$N$14,0)),INDEX(日常水質!$J$72:$N$72,MATCH($A58,日常水質!$J$60:$N$60,0))),INDEX(日常水質!$J$118:$N$118,MATCH($A58,日常水質!$J$106:$N$106,0))),INDEX(日常水質!$J$164:$N$164,MATCH($A58,日常水質!$J$152:$N$152,0))),INDEX(日常水質!$J$210:$N$210,MATCH($A58,日常水質!$J$198:$N$198,0))),"")
A59: =IF(ISNUMBER(A58),IF(MONTH(A58+1)=MONTH($A$8),A58+1,""),"") | B59: =IF(ISNUMBER(A59),A59,"") | C59: =IFERROR(IFERROR(IFERROR(IFERROR(IFERROR(INDEX(日常水質!$J$19:$N$19,MATCH($A59,日常水質!$J$14:$N$14,0)),INDEX(日常水質!$J$65:$N$65,MATCH($A59,日常水質!$J$60:$N$60,0))),INDEX(日常水質!$J$111:$N$111,MATCH($A59,日常水質!$J$106:$N$106,0))),INDEX(日常水質!$J$157:$N$157,MATCH($A59,日常水質!$J$152:$N$152,0))),INDEX(日常水質!$J$203:$N$203,MATCH($A59,日常水質!$J$198:$N$198,0))),"") | D59: =IFERROR(IFERROR(IFERROR(IFERROR(IFERROR(INDEX(日常水質!$J$20:$N$20,MATCH($A59,日常水質!$J$14:$N$14,0)),INDEX(日常水質!$J$66:$N$66,MATCH($A59,日常水質!$J$60:$N$60,0))),INDEX(日常水質!$J$112:$N$112,MATCH($A59,日常水質!$J$106:$N$106,0))),INDEX(日常水質!$J$158:$N$158,MATCH($A59,日常水質!$J$152:$N$152,0))),INDEX(日常水質!$J$204:$N$204,MATCH($A59,日常水質!$J$198:$N$198,0))),"") | F59: =IFERROR(IFERROR(IFERROR(IFERROR(IFERROR(INDEX(日常水質!$J$21:$N$21,MATCH($A59,日常水質!$J$14:$N$14,0)),INDEX(日常水質!$J$67:$N$67,MATCH($A59,日常水質!$J$60:$N$60,0))),INDEX(日常水質!$J$113:$N$113,MATCH($A59,日常水質!$J$106:$N$106,0))),INDEX(日常水質!$J$159:$N$159,MATCH($A59,日常水質!$J$152:$N$152,0))),INDEX(日常水質!$J$205:$N$205,MATCH($A59,日常水質!$J$198:$N$198,0))),"") | G59: =IFERROR(IFERROR(IFERROR(IFERROR(IFERROR(INDEX(日常水質!$J$24:$N$24,MATCH($A59,日常水質!$J$14:$N$14,0)),INDEX(日常水質!$J$70:$N$70,MATCH($A59,日常水質!$J$60:$N$60,0))),INDEX(日常水質!$J$116:$N$116,MATCH($A59,日常水質!$J$106:$N$106,0))),INDEX(日常水質!$J$162:$N$162,MATCH($A59,日常水質!$J$152:$N$152,0))),INDEX(日常水質!$J$208:$N$208,MATCH($A59,日常水質!$J$198:$N$198,0))),"") | H59: =IFERROR(IFERROR(IFERROR(IFERROR(IFERROR(INDEX(日常水質!$J$25:$N$25,MATCH($A59,日常水質!$J$14:$N$14,0)),INDEX(日常水質!$J$71:$N$71,MATCH($A59,日常水質!$J$60:$N$60,0))),INDEX(日常水質!$J$117:$N$117,MATCH($A59,日常水質!$J$106:$N$106,0))),INDEX(日常水質!$J$163:$N$163,MATCH($A59,日常水質!$J$152:$N$152,0))),INDEX(日常水質!$J$209:$N$209,MATCH($A59,日常水質!$J$198:$N$198,0))),"") | J59: =IFERROR(IFERROR(IFERROR(IFERROR(IFERROR(INDEX(日常水質!$J$26:$N$26,MATCH($A59,日常水質!$J$14:$N$14,0)),INDEX(日常水質!$J$72:$N$72,MATCH($A59,日常水質!$J$60:$N$60,0))),INDEX(日常水質!$J$118:$N$118,MATCH($A59,日常水質!$J$106:$N$106,0))),INDEX(日常水質!$J$164:$N$164,MATCH($A59,日常水質!$J$152:$N$152,0))),INDEX(日常水質!$J$210:$N$210,MATCH($A59,日常水質!$J$198:$N$198,0))),"")
A60: =IF(ISNUMBER(A59),IF(MONTH(A59+1)=MONTH($A$8),A59+1,""),"") | B60: =IF(ISNUMBER(A60),A60,"") | C60: =IFERROR(IFERROR(IFERROR(IFERROR(IFERROR(INDEX(日常水質!$J$19:$N$19,MATCH($A60,日常水質!$J$14:$N$14,0)),INDEX(日常水質!$J$65:$N$65,MATCH($A60,日常水質!$J$60:$N$60,0))),INDEX(日常水質!$J$111:$N$111,MATCH($A60,日常水質!$J$106:$N$106,0))),INDEX(日常水質!$J$157:$N$157,MATCH($A60,日常水質!$J$152:$N$152,0))),INDEX(日常水質!$J$203:$N$203,MATCH($A60,日常水質!$J$198:$N$198,0))),"") | D60: =IFERROR(IFERROR(IFERROR(IFERROR(IFERROR(INDEX(日常水質!$J$20:$N$20,MATCH($A60,日常水質!$J$14:$N$14,0)),INDEX(日常水質!$J$66:$N$66,MATCH($A60,日常水質!$J$60:$N$60,0))),INDEX(日常水質!$J$112:$N$112,MATCH($A60,日常水質!$J$106:$N$106,0))),INDEX(日常水質!$J$158:$N$158,MATCH($A60,日常水質!$J$152:$N$152,0))),INDEX(日常水質!$J$204:$N$204,MATCH($A60,日常水質!$J$198:$N$198,0))),"") | F60: =IFERROR(IFERROR(IFERROR(IFERROR(IFERROR(INDEX(日常水質!$J$21:$N$21,MATCH($A60,日常水質!$J$14:$N$14,0)),INDEX(日常水質!$J$67:$N$67,MATCH($A60,日常水質!$J$60:$N$60,0))),INDEX(日常水質!$J$113:$N$113,MATCH($A60,日常水質!$J$106:$N$106,0))),INDEX(日常水質!$J$159:$N$159,MATCH($A60,日常水質!$J$152:$N$152,0))),INDEX(日常水質!$J$205:$N$205,MATCH($A60,日常水質!$J$198:$N$198,0))),"") | G60: =IFERROR(IFERROR(IFERROR(IFERROR(IFERROR(INDEX(日常水質!$J$24:$N$24,MATCH($A60,日常水質!$J$14:$N$14,0)),INDEX(日常水質!$J$70:$N$70,MATCH($A60,日常水質!$J$60:$N$60,0))),INDEX(日常水質!$J$116:$N$116,MATCH($A60,日常水質!$J$106:$N$106,0))),INDEX(日常水質!$J$162:$N$162,MATCH($A60,日常水質!$J$152:$N$152,0))),INDEX(日常水質!$J$208:$N$208,MATCH($A60,日常水質!$J$198:$N$198,0))),"") | H60: =IFERROR(IFERROR(IFERROR(IFERROR(IFERROR(INDEX(日常水質!$J$25:$N$25,MATCH($A60,日常水質!$J$14:$N$14,0)),INDEX(日常水質!$J$71:$N$71,MATCH($A60,日常水質!$J$60:$N$60,0))),INDEX(日常水質!$J$117:$N$117,MATCH($A60,日常水質!$J$106:$N$106,0))),INDEX(日常水質!$J$163:$N$163,MATCH($A60,日常水質!$J$152:$N$152,0))),INDEX(日常水質!$J$209:$N$209,MATCH($A60,日常水質!$J$198:$N$198,0))),"") | J60: =IFERROR(IFERROR(IFERROR(IFERROR(IFERROR(INDEX(日常水質!$J$26:$N$26,MATCH($A60,日常水質!$J$14:$N$14,0)),INDEX(日常水質!$J$72:$N$72,MATCH($A60,日常水質!$J$60:$N$60,0))),INDEX(日常水質!$J$118:$N$118,MATCH($A60,日常水質!$J$106:$N$106,0))),INDEX(日常水質!$J$164:$N$164,MATCH($A60,日常水質!$J$152:$N$152,0))),INDEX(日常水質!$J$210:$N$210,MATCH($A60,日常水質!$J$198:$N$198,0))),"")
A61: =IF(ISNUMBER(A60),IF(MONTH(A60+1)=MONTH($A$8),A60+1,""),"") | B61: =IF(ISNUMBER(A61),A61,"") | C61: =IFERROR(IFERROR(IFERROR(IFERROR(IFERROR(INDEX(日常水質!$J$19:$N$19,MATCH($A61,日常水質!$J$14:$N$14,0)),INDEX(日常水質!$J$65:$N$65,MATCH($A61,日常水質!$J$60:$N$60,0))),INDEX(日常水質!$J$111:$N$111,MATCH($A61,日常水質!$J$106:$N$106,0))),INDEX(日常水質!$J$157:$N$157,MATCH($A61,日常水質!$J$152:$N$152,0))),INDEX(日常水質!$J$203:$N$203,MATCH($A61,日常水質!$J$198:$N$198,0))),"") | D61: =IFERROR(IFERROR(IFERROR(IFERROR(IFERROR(INDEX(日常水質!$J$20:$N$20,MATCH($A61,日常水質!$J$14:$N$14,0)),INDEX(日常水質!$J$66:$N$66,MATCH($A61,日常水質!$J$60:$N$60,0))),INDEX(日常水質!$J$112:$N$112,MATCH($A61,日常水質!$J$106:$N$106,0))),INDEX(日常水質!$J$158:$N$158,MATCH($A61,日常水質!$J$152:$N$152,0))),INDEX(日常水質!$J$204:$N$204,MATCH($A61,日常水質!$J$198:$N$198,0))),"") | F61: =IFERROR(IFERROR(IFERROR(IFERROR(IFERROR(INDEX(日常水質!$J$21:$N$21,MATCH($A61,日常水質!$J$14:$N$14,0)),INDEX(日常水質!$J$67:$N$67,MATCH($A61,日常水質!$J$60:$N$60,0))),INDEX(日常水質!$J$113:$N$113,MATCH($A61,日常水質!$J$106:$N$106,0))),INDEX(日常水質!$J$159:$N$159,MATCH($A61,日常水質!$J$152:$N$152,0))),INDEX(日常水質!$J$205:$N$205,MATCH($A61,日常水質!$J$198:$N$198,0))),"") | G61: =IFERROR(IFERROR(IFERROR(IFERROR(IFERROR(INDEX(日常水質!$J$24:$N$24,MATCH($A61,日常水質!$J$14:$N$14,0)),INDEX(日常水質!$J$70:$N$70,MATCH($A61,日常水質!$J$60:$N$60,0))),INDEX(日常水質!$J$116:$N$116,MATCH($A61,日常水質!$J$106:$N$106,0))),INDEX(日常水質!$J$162:$N$162,MATCH($A61,日常水質!$J$152:$N$152,0))),INDEX(日常水質!$J$208:$N$208,MATCH($A61,日常水質!$J$198:$N$198,0))),"") | H61: =IFERROR(IFERROR(IFERROR(IFERROR(IFERROR(INDEX(日常水質!$J$25:$N$25,MATCH($A61,日常水質!$J$14:$N$14,0)),INDEX(日常水質!$J$71:$N$71,MATCH($A61,日常水質!$J$60:$N$60,0))),INDEX(日常水質!$J$117:$N$117,MATCH($A61,日常水質!$J$106:$N$106,0))),INDEX(日常水質!$J$163:$N$163,MATCH($A61,日常水質!$J$152:$N$152,0))),INDEX(日常水質!$J$209:$N$209,MATCH($A61,日常水質!$J$198:$N$198,0))),"") | J61: =IFERROR(IFERROR(IFERROR(IFERROR(IFERROR(INDEX(日常水質!$J$26:$N$26,MATCH($A61,日常水質!$J$14:$N$14,0)),INDEX(日常水質!$J$72:$N$72,MATCH($A61,日常水質!$J$60:$N$60,0))),INDEX(日常水質!$J$118:$N$118,MATCH($A61,日常水質!$J$106:$N$106,0))),INDEX(日常水質!$J$164:$N$164,MATCH($A61,日常水質!$J$152:$N$152,0))),INDEX(日常水質!$J$210:$N$210,MATCH($A61,日常水質!$J$198:$N$198,0))),"")
... A79: =IF(ISNUMBER(A78),IF(MONTH(A78+1)=MONTH($A$8),A78+1,""),"") | B79: =IF(ISNUMBER(A79),A79,"") | C79: =IFERROR(IFERROR(IFERROR(IFERROR(IFERROR(INDEX(日常水質!$J$19:$N$19,MATCH($A79,日常水質!$J$14:$N$14,0)),INDEX(日常水質!$J$65:$N$65,MATCH($A79,日常水質!$J$60:$N$60,0))),INDEX(日常水質!$J$111:$N$111,MATCH($A79,日常水質!$J$106:$N$106,0))),INDEX(日常水質!$J$157:$N$157,MATCH($A79,日常水質!$J$152:$N$152,0))),INDEX(日常水質!$J$203:$N$203,MATCH($A79,日常水質!$J$198:$N$198,0))),"") | D79: =IFERROR(IFERROR(IFERROR(IFERROR(IFERROR(INDEX(日常水質!$J$20:$N$20,MATCH($A79,日常水質!$J$14:$N$14,0)),INDEX(日常水質!$J$66:$N$66,MATCH($A79,日常水質!$J$60:$N$60,0))),INDEX(日常水質!$J$112:$N$112,MATCH($A79,日常水質!$J$106:$N$106,0))),INDEX(日常水質!$J$158:$N$158,MATCH($A79,日常水質!$J$152:$N$152,0))),INDEX(日常水質!$J$204:$N$204,MATCH($A79,日常水質!$J$198:$N$198,0))),"") | F79: =IFERROR(IFERROR(IFERROR(IFERROR(IFERROR(INDEX(日常水質!$J$21:$N$21,MATCH($A79,日常水質!$J$14:$N$14,0)),INDEX(日常水質!$J$67:$N$67,MATCH($A79,日常水質!$J$60:$N$60,0))),INDEX(日常水質!$J$113:$N$113,MATCH($A79,日常水質!$J$106:$N$106,0))),INDEX(日常水質!$J$159:$N$159,MATCH($A79,日常水質!$J$152:$N$152,0))),INDEX(日常水質!$J$205:$N$205,MATCH($A79,日常水質!$J$198:$N$198,0))),"") | G79: =IFERROR(IFERROR(IFERROR(IFERROR(IFERROR(INDEX(日常水質!$J$24:$N$24,MATCH($A79,日常水質!$J$14:$N$14,0)),INDEX(日常水質!$J$70:$N$70,MATCH($A79,日常水質!$J$60:$N$60,0))),INDEX(日常水質!$J$116:$N$116,MATCH($A79,日常水質!$J$106:$N$106,0))),INDEX(日常水質!$J$162:$N$162,MATCH($A79,日常水質!$J$152:$N$152,0))),INDEX(日常水質!$J$208:$N$208,MATCH($A79,日常水質!$J$198:$N$198,0))),"") | H79: =IFERROR(IFERROR(IFERROR(IFERROR(IFERROR(INDEX(日常水質!$J$25:$N$25,MATCH($A79,日常水質!$J$14:$N$14,0)),INDEX(日常水質!$J$71:$N$71,MATCH($A79,日常水質!$J$60:$N$60,0))),INDEX(日常水質!$J$117:$N$117,MATCH($A79,日常水質!$J$106:$N$106,0))),INDEX(日常水質!$J$163:$N$163,MATCH($A79,日常水質!$J$152:$N$152,0))),INDEX(日常水質!$J$209:$N$209,MATCH($A79,日常水質!$J$198:$N$198,0))),"") | J79: =IFERROR(IFERROR(IFERROR(IFERROR(IFERROR(INDEX(日常水質!$J$26:$N$26,MATCH($A79,日常水質!$J$14:$N$14,0)),INDEX(日常水質!$J$72:$N$72,MATCH($A79,日常水質!$J$60:$N$60,0))),INDEX(日常水質!$J$118:$N$118,MATCH($A79,日常水質!$J$106:$N$106,0))),INDEX(日常水質!$J$164:$N$164,MATCH($A79,日常水質!$J$152:$N$152,0))),INDEX(日常水質!$J$210:$N$210,MATCH($A79,日常水質!$J$198:$N$198,0))),"")
A80: 最大 | C80: － | D80: － | E80: － | F80: － | G80: － | H80: － | I80: － | J80: －
A81: 平均 | C81: － | D81: － | E81: － | F81: － | G81: － | H81: － | I81: － | J81: －
A82: 最小 | C82: － | D82: － | E82: － | F82: － | G82: － | H82: － | I82: － | J82: －

Sheet 機器運転時間
A1: 加 計 浄 化 セ ン ター
D3: ～
A6: 機 器 名 称 | D6: 月 | E6: 火 | F6: 水 | G6: 木 | H6: 金
A7: 濃縮汚泥掻寄機 | C7: hr
A8: №１濃縮汚泥ポンプ | C8: hr
A9: №２濃縮汚泥ポンプ | C9: hr
A10: 濃縮汚泥攪拌機 | C10: hr
A11: 濃縮汚泥曝気ブロワ | C11: hr
A12: №１返流水ポンプ | C12: hr
A13: №２返流水ポンプ | C13: hr
A14: №１床排水ポンプ | C14: hr
A15: №２床排水ポンプ | C15: hr
A16: №１曝気ブロワ | C16: hr
A17: №2曝気ブロワ | C17: hr
A18: №１主ポンプ | C18: hr
... A27: スクリーンユニット | C27: hr
A28: 備考
A30: 加 計 浄 化 セ ン ター
D32: ～
A35: 機 器 名 称 | D35: 月 | E35: 火 | F35: 水 | G35: 木 | H35: 金
A36: 濃縮汚泥掻寄機 | C36: hr
A37: №１濃縮汚泥ポンプ | C37: hr
A38: №２濃縮汚泥ポンプ | C38: hr
A39: 濃縮汚泥攪拌機 | C39: hr
A40: 濃縮汚泥曝気ブロワ | C40: hr
A41: №１返流水ポンプ | C41: hr
A42: №２返流水ポンプ | C42: hr
A43: №１床排水ポンプ | C43: hr
A44: №２床排水ポンプ | C44: hr
A45: №１曝気ブロワ | C45: hr
A46: №2曝気ブロワ | C46: hr
A47: №１主ポンプ | C47: hr
... A56: スクリーンユニット | C56: hr
A57: 備考
A59: 加 計 浄 化 セ ン ター
D61: ～
A64: 機 器 名 称 | D64: 月 | E64: 火 | F64: 水 | G64: 木 | H64: 金
A65: 濃縮汚泥掻寄機 | C65: hr
A66: №１濃縮汚泥ポンプ | C66: hr
A67: №２濃縮汚泥ポンプ | C67: hr
A68: 濃縮汚泥攪拌機 | C68: hr
A69: 濃縮汚泥曝気ブロワ | C69: hr
A70: №１返流水ポンプ | C70: hr
A71: №２返流水ポンプ | C71: hr
A72: №１床排水ポンプ | C72: hr
A73: №２床排水ポンプ | C73: hr
A74: №１曝気ブロワ | C74: hr
A75: №2曝気ブロワ | C75: hr
A76: №１主ポンプ | C76: hr
... A85: スクリーンユニット | C85: hr
A86: 備考
A88: 加 計 浄 化 セ ン ター
D90: ～
A93: 機 器 名 称 | D93: 月 | E93: 火 | F93: 水 | G93: 木 | H93: 金
A94: 濃縮汚泥掻寄機 | C94: hr
A95: №１濃縮汚泥ポンプ | C95: hr
A96: №２濃縮汚泥ポンプ | C96: hr
A97: 濃縮汚泥攪拌機 | C97: hr
A98: 濃縮汚泥曝気ブロワ | C98: hr
A99: №１返流水ポンプ | C99: hr
A100: №２返流水ポンプ | C100: hr
A101: №１床排水ポンプ | C101: hr
A102: №２床排水ポンプ | C102: hr
A103: №１曝気ブロワ | C103: hr
A104: №2曝気ブロワ | C104: hr
A105: №１主ポンプ | C105: hr
... A114: スクリーンユニット | C114: hr
A115: 備考
A117: 加 計 浄 化 セ ン ター
D119: ～
A122: 機 器 名 称 | D122: 月 | E122: 火 | F122: 水 | G122: 木 | H122: 金
A123: 濃縮汚泥掻寄機 | C123: hr
A124: №１濃縮汚泥ポンプ | C124: hr
A125: №２濃縮汚泥ポンプ | C125: hr
A126: 濃縮汚泥攪拌機 | C126: hr
A127: 濃縮汚泥曝気ブロワ | C127: hr
A128: №１返流水ポンプ | C128: hr
A129: №２返流水ポンプ | C129: hr
A130: №１床排水ポンプ | C130: hr
A131: №２床排水ポンプ | C131: hr
A132: №１曝気ブロワ | C132: hr
A133: №2曝気ブロワ | C133: hr
A134: №１主ポンプ | C134: hr
... A143: スクリーンユニット | C143: hr
A144: 備考
